Date,ACC.NS,ADANIPORTS.NS,AMBUJACEM.NS,ASIANPAINT.NS,AXISBANK.NS,BAJAJ-AUTO.NS,BANKBARODA.NS,BHARTIARTL.NS,BHEL.NS,BOSCHLTD.NS,BPCL.NS,CIPLA.NS,COALINDIA.NS,DRREDDY.NS,GAIL.NS,GRASIM.NS,HCLTECH.NS,HDFCBANK.NS,HEROMOTOCO.NS,HINDALCO.NS,HINDUNILVR.NS,ICICIBANK.NS,INDUSINDBK.NS,INFY.NS,ITC.NS,KOTAKBANK.NS,LT.NS,LUPIN.NS,M&M.NS,MARUTI.NS,NTPC.NS,ONGC.NS,PNB.NS,POWERGRID.NS,RELIANCE.NS,SBIN.NS,SUNPHARMA.NS,TATAPOWER.NS,TATASTEEL.NS,TCS.NS,TECHM.NS,ULTRACEMCO.NS,VEDL.NS,WIPRO.NS,ZEEL.NS
2015-01-31,1383.0953369140625,322.0768127441406,213.8245086669922,784.2223510742188,569.2930297851562,1799.867919921875,166.19590759277344,317.241943359375,177.70187377929688,21403.662109375,64.55140686035156,649.7901000976562,144.8328094482422,601.4031372070312,53.138816833496094,562.1492309570312,330.4882507324219,245.8258056640625,2027.486083984375,129.3153076171875,778.5145874023438,301.0343017578125,819.4359130859375,398.9709167480469,161.83859252929688,131.2734375,959.8675537109375,1491.8931884765625,572.1212158203125,3310.302734375,80.30465698242188,132.66769409179688,171.62728881835938,51.541954040527344,195.8523712158203,275.3793029785156,840.4404907226562,77.11683654785156,27.897720336914062,966.1412353515625,511.4767761230469,3005.333740234375,63.971031188964844,100.94779205322266,345.30078125
2015-02-28,1483.252197265625,326.9875183105469,231.61814880371094,737.9596557617188,549.0130004882812,1618.3536376953125,155.741455078125,301.536865234375,165.34661865234375,23887.72265625,64.15487670898438,625.6009521484375,158.63978576660156,609.736083984375,51.091148376464844,542.060302734375,374.5346984863281,240.4979248046875,1890.9998779296875,143.6168212890625,740.6138305664062,279.7942199707031,814.0684204101562,422.0404357910156,172.88253784179688,132.81729125976562,992.83154296875,1635.125244140625,579.0856323242188,3271.3212890625,89.04206085205078,122.62366485595703,150.36053466796875,54.71110916137695,183.07730102539062,267.3126525878906,804.8630981445312,74.39006042480469,25.054004669189453,1036.322998046875,505.6370544433594,2991.409912109375,68.8017349243164,108.89482879638672,319.8214111328125
2015-03-31,1401.3721923828125,291.0543518066406,219.45486450195312,741.75390625,542.2853393554688,1517.587158203125,140.68356323242188,333.8807373046875,143.64830017089844,22838.4453125,69.89154052734375,665.3869018554688,153.7161865234375,648.9275512695312,48.71686553955078,524.2725830078125,363.1985168457031,233.3560028076172,1867.791748046875,119.41069793701172,729.2601318359375,263.3111572265625,834.3141479492188,413.2112731933594,143.0880584716797,130.3848419189453,970.6487426757812,1890.06396484375,537.16357421875,3355.681884765625,82.52335357666016,117.1666030883789,130.67745971679688,50.81021499633789,176.75393676757812,238.0321807861328,937.6486206054688,65.69842529296875,22.63184356689453,994.1279907226562,449.12237548828125,2754.168212890625,60.02730178833008,104.65918731689453,313.2223815917969
2015-04-30,1285.6488037109375,299.8841247558594,199.7700958251953,697.0914916992188,549.6422729492188,1466.4515380859375,145.4160614013672,323.52392578125,145.29627990722656,20217.326171875,65.92200469970703,593.9871215820312,153.65269470214844,615.7255859375,45.262210845947266,519.4892578125,327.6726379394531,225.62083435058594,1647.8140869140625,119.04045104980469,709.892333984375,276.3723449707031,775.74267578125,361.7822265625,141.55113220214844,132.33575439453125,920.7799072265625,1668.1102294921875,517.8079223632812,3381.548095703125,84.46208953857422,116.26783752441406,144.5687255859375,49.743289947509766,184.53244018554688,240.43881225585938,859.7630004882812,64.59068298339844,25.747072219848633,958.9984130859375,443.1668395996094,2557.2158203125,66.47350311279297,89.63893127441406,286.0015563964844
2015-05-31,1356.221923828125,306.8023681640625,204.24002075195312,719.5827026367188,566.6793212890625,1742.975341796875,139.90916442871094,361.30096435546875,153.59716796875,21264.00390625,73.28353118896484,607.4825439453125,165.63992309570312,657.5767822265625,48.84877014160156,526.9213256835938,376.123046875,239.7107391357422,1908.15771484375,119.64212036132812,717.5726318359375,264.7716979980469,822.9669799804688,376.8514099121094,143.636962890625,138.92822265625,933.8468627929688,1725.2337646484375,568.95556640625,3435.86767578125,76.7352066040039,126.15443420410156,139.04843139648438,50.26800537109375,190.03179931640625,251.0558624267578,884.717529296875,63.52553939819336,23.47138023376465,1016.062744140625,395.41595458984375,2847.380126953125,62.228824615478516,93.48344421386719,296.72491455078125
2015-06-30,1295.378173828125,291.6920166015625,197.62110900878906,694.5478515625,541.0752563476562,1912.9376220703125,126.87297821044922,356.58941650390625,151.30833435058594,19632.0234375,75.80059814453125,574.7479248046875,178.4319610595703,662.0782470703125,49.26960754394531,498.235107421875,342.2599182128906,243.49844360351562,1805.58935546875,103.58183288574219,773.3516845703125,261.4722595214844,821.7899780273438,372.26934814453125,141.26693725585938,137.68359375,1006.2935180664062,1774.9227294921875,579.9224243164062,3651.556396484375,77.35335540771484,118.40962982177734,128.78599548339844,48.65887451171875,216.7056121826172,237.1559295654297,800.9253540039062,63.1846809387207,21.763721466064453,1002.19189453125,340.7823791503906,2864.749755859375,55.16492462158203,90.98699951171875,337.1894836425781
2015-07-31,1253.70947265625,307.8918762207031,199.68417358398438,811.739013671875,559.6242065429688,1938.092529296875,156.225830078125,355.52825927734375,169.89378356933594,22163.162109375,79.88654327392578,662.2116088867188,185.9716339111328,762.2630004882812,44.59012222290039,537.863037109375,371.4715270996094,255.55882263183594,1919.498291015625,97.3799057006836,777.527587890625,256.71826171875,920.6646118164062,407.3274841308594,146.13050842285156,138.18035888671875,1011.0628662109375,1603.0931396484375,622.4656982421875,3931.185791015625,75.89225769042969,104.29681396484375,140.1057891845703,49.67331314086914,217.0847930908203,243.7448272705078,753.1226806640625,59.34402084350586,18.159143447875977,988.5181884765625,383.0171813964844,3013.75537109375,41.8353157043457,96.02247619628906,367.8359069824219
2015-08-31,1206.2232666015625,336.73895263671875,178.1082763671875,780.2918090820312,495.4649963378906,1713.5311279296875,162.6068878173828,302.4569091796875,138.2161102294922,20922.2109375,78.12965393066406,638.875,155.1775360107422,804.6297607421875,37.59614181518555,498.8285827636719,363.26983642578125,236.20193481445312,1715.22021484375,74.09943389892578,726.2772216796875,235.91929626464844,811.4053955078125,413.888916015625,145.74949645996094,129.49685668945312,904.749755859375,1828.765869140625,557.324951171875,3804.7666015625,68.24964141845703,91.52267456054688,134.39950561523438,45.702964782714844,185.4597625732422,223.2560272216797,823.2241821289062,52.49497604370117,16.577844619750977,1009.5031127929688,371.6861267089844,2773.68798828125,31.685638427734375,96.35105895996094,354.9229431152344
2015-09-30,1216.9765625,283.2604675292969,176.9048614501953,773.8552856445312,483.6576843261719,1774.4683837890625,161.24267578125,288.4139404296875,125.829833984375,17475.521484375,75.254638671875,595.6995239257812,138.76393127441406,778.3924560546875,38.383365631103516,512.6370239257812,367.4222412109375,245.70799255371094,1713.28857421875,66.43605041503906,687.3438720703125,229.50982666015625,891.2172241210938,439.4355773925781,147.38563537597656,128.7815399169922,836.0943603515625,1921.784423828125,576.9082641601562,4278.07958984375,70.60270690917969,87.91207122802734,123.63640594482422,46.79358673095703,186.84654235839844,214.0496063232422,795.2476806640625,56.30963897705078,15.636423110961914,1018.95263671875,402.2508850097656,2565.982421875,27.205001831054688,100.74061584472656,361.97894287109375
2015-10-31,1246.6612548828125,280.65521240234375,177.8933868408203,765.8237915039062,463.8976745605469,1957.394775390625,140.9993133544922,297.97515869140625,121.72835540771484,18440.666015625,77.05927276611328,646.6483764648438,135.5023956298828,800.375244140625,39.16423034667969,540.9365844726562,328.003173828125,252.7886505126953,1847.01708984375,78.86933898925781,681.08837890625,235.15525817871094,862.3280029296875,433.3628234863281,150.0079345703125,136.64036560058594,804.44677734375,1822.482666015625,540.298095703125,4062.05712890625,75.7659683227539,94.65830993652344,119.08992767333984,45.52077102661133,205.35134887695312,213.95933532714844,817.3326416015625,59.69082260131836,18.13707733154297,984.5363159179688,389.1156921386719,2770.136474609375,33.187747955322266,96.52800750732422,376.9211120605469
2015-11-30,1215.3951416015625,253.892333984375,170.9736328125,773.0610961914062,457.3109436035156,1902.7509765625,158.3381805419922,285.4261779785156,107.12828063964844,16875.904296875,79.7706298828125,602.8173828125,140.0134735107422,581.5946655273438,46.05241394042969,545.2574462890625,327.720947265625,247.7655029296875,1931.2686767578125,72.3008041381836,690.7435302734375,232.2264404296875,884.4087524414062,415.2145690917969,155.16282653808594,137.57431030273438,783.833251953125,1695.9698486328125,623.3330078125,4158.83837890625,74.68196105957031,91.40181732177734,133.98194885253906,48.154788970947266,209.55502319335938,224.42938232421875,670.2763061523438,58.26032257080078,16.842620849609375,936.5364990234375,385.0018310546875,2688.50341796875,29.93372344970703,96.03935241699219,376.4599304199219
2015-12-31,1229.537109375,247.1660614013672,174.5409698486328,814.5952758789062,438.2340393066406,1943.2352294921875,137.8748016357422,290.59088134765625,103.54714965820312,16809.515625,78.93463134765625,608.5303344726562,139.69580078125,581.3328247070312,47.626853942871094,547.173828125,321.7569885253906,248.7770538330078,1927.6556396484375,79.52619171142578,733.9149780273438,221.86944580078125,916.276611328125,421.8936767578125,146.93739318847656,143.07846069335938,727.2953491210938,1735.88916015625,580.811279296875,4219.9658203125,83.4395523071289,94.36851501464844,107.35257720947266,49.904903411865234,219.84750366210938,202.58668518066406,753.567138671875,58.86720275878906,19.107912063598633,961.5132446289062,376.48553466796875,2668.827392578125,30.016735076904297,94.34586334228516,403.3005065917969
2016-01-31,1120.558349609375,201.0770263671875,167.9220733642578,802.0106811523438,398.51873779296875,1797.3773193359375,110.37025451660156,247.48031616210938,84.90682983398438,15771.0859375,79.00985717773438,547.981689453125,135.52354431152344,580.7344360351562,46.801544189453125,494.5379638671875,328.1116027832031,241.35153198242188,1835.7481689453125,66.15452575683594,694.9117431640625,195.3826141357422,878.3092651367188,444.60284423828125,143.53065490722656,135.8356170654297,628.1898803710938,1616.3681640625,562.962646484375,3739.6220703125,81.27156066894531,88.31800079345703,84.71297454833984,52.27375411987305,224.35450744628906,162.376220703125,802.0804443359375,52.10483932495117,18.36507797241211,945.8216552734375,361.87066650390625,2725.98486328125,23.82412338256836,95.70439910888672,387.4359436035156
2016-02-29,1083.9444580078125,186.34559631347656,162.56173706054688,780.0679321289062,366.65869140625,1689.35595703125,116.0911865234375,269.3343811035156,55.61488342285156,15086.5068359375,69.0297622680664,481.53271484375,131.73257446289062,567.8028564453125,39.03730010986328,484.92022705078125,308.214599609375,223.4199981689453,1788.7032470703125,64.51239013671875,706.3958740234375,161.3402862548828,784.880126953125,413.7450866699219,132.5260467529297,125.26443481445312,613.5635375976562,1657.7515869140625,560.6116333007812,2955.011962890625,69.05554962158203,75.76805114746094,65.87755584716797,46.23331069946289,209.45748901367188,143.28643798828125,784.5770263671875,49.67733383178711,18.320947647094727,860.9813842773438,299.9109802246094,2657.357421875,23.442279815673828,88.46875762939453,343.4395751953125
2016-03-31,1254.6297607421875,235.7242431640625,201.1371307373047,800.627685546875,433.4037780761719,1887.92529296875,129.38140869140625,299.4690856933594,69.6946029663086,18735.427734375,81.51136779785156,479.4722900390625,135.28733825683594,567.6064453125,45.59360885620117,560.1868896484375,308.5366516113281,246.24822998046875,2137.88427734375,82.5289535522461,739.656982421875,200.90069580078125,914.9999389648438,464.9838562011719,147.1391143798828,135.2494354248047,693.7944946289062,1397.639892578125,552.6688842773438,3393.082275390625,74.45863342285156,83.87850952148438,78.58914184570312,49.45061111450195,229.02798461914062,175.3284149169922,753.4290771484375,56.049556732177734,23.513473510742188,996.8443603515625,342.78125,3099.0185546875,29.8341121673584,95.95098114013672,356.906005859375
2016-04-30,1310.23876953125,226.68359375,191.14732360839844,798.6453247070312,460.97027587890625,1955.40869140625,138.9749755859375,310.3961181640625,76.76507568359375,17725.396484375,88.15447998046875,502.93310546875,133.48013305664062,577.6114501953125,46.09892654418945,595.5396728515625,284.35699462890625,260.317626953125,2102.830322265625,90.41119384765625,738.2957763671875,201.15538024902344,991.8331298828125,461.09088134765625,145.6598663330078,142.502197265625,715.406005859375,1518.5782470703125,607.5614624023438,3464.618408203125,80.49739074707031,85.11260223388672,80.67681121826172,50.97929382324219,215.332763671875,170.5897979736328,745.4353637695312,61.12131881713867,25.822898864746094,1002.8567504882812,350.8644714355469,3034.4228515625,34.466121673583984,94.26749420166016,382.6858215332031
2016-05-31,1388.2276611328125,182.85997009277344,197.54771423339844,907.9896240234375,502.7347106933594,2054.593994140625,125.68479919433594,299.9813232421875,73.7654800415039,20144.3828125,88.3798599243164,442.6654357910156,135.03245544433594,595.2649536132812,47.3910026550293,634.9144287109375,282.6787109375,271.7087097167969,2249.071044921875,98.76261138916016,721.5377807617188,207.69216918945312,1042.8975830078125,476.5674133300781,161.32266235351562,148.34417724609375,840.257080078125,1393.3880615234375,603.6128540039062,3799.6533203125,82.72220611572266,82.5660629272461,73.30037689208984,53.32561492919922,209.88754272460938,184.98614501953125,700.8268432617188,63.93895721435547,24.590961456298828,1016.26513671875,389.981689453125,3097.05078125,36.04332733154297,92.75403594970703,408.9268798828125
2016-06-30,1467.2152099609375,196.84927368164062,220.38162231445312,929.9361572265625,520.5919799804688,2110.777099609375,135.49839782714844,313.1278381347656,78.17304229736328,20494.201171875,98.09420776367188,469.2169494628906,145.04171752929688,632.40478515625,49.27155303955078,679.8997192382812,279.10601806640625,272.6756286621094,2306.66064453125,115.27779388427734,772.8052368164062,208.414306640625,1055.5262451171875,452.0577697753906,169.29574584960938,151.6824493408203,853.3438110351562,1454.7548828125,652.7536010742188,3823.02685546875,90.32118225097656,84.74040222167969,98.2596206665039,57.98269271850586,212.36363220214844,200.08096313476562,701.1484985351562,63.592185974121094,23.678958892822266,1020.2940673828125,365.0101623535156,3273.94580078125,43.81314468383789,94.87966918945312,421.0559387207031
2016-07-31,1533.1739501953125,221.1639862060547,234.60952758789062,1032.6806640625,537.91943359375,2123.286865234375,133.51806640625,309.0729675292969,89.31437683105469,22600.560546875,108.44664001464844,493.94219970703125,151.99261474609375,552.0108032226562,48.83659362792969,713.2485961914062,287.7032470703125,288.8421630859375,2324.732666015625,125.31829071044922,793.4465942382812,227.7785186767578,1116.34521484375,414.6242980957031,174.01756286621094,151.8101806640625,888.8973388671875,1651.141845703125,675.0957641601562,4343.8173828125,91.50582122802734,86.22914123535156,114.4506607055664,62.56871795654297,222.3885498046875,209.7740936279297,762.5713500976562,62.4217643737793,26.70180892944336,1049.4617919921875,360.7485656738281,3578.731689453125,54.67095184326172,92.851318359375,460.9306640625
2016-08-31,1562.5079345703125,250.2370147705078,241.8323516845703,1073.2314453125,587.8552856445312,2341.6064453125,143.4197235107422,284.23699951171875,85.15169525146484,21868.74609375,110.26732635498047,536.6024780273438,154.541259765625,581.0653686523438,49.11163330078125,680.4970703125,299.6864318847656,299.2721252441406,2570.186279296875,149.43417358398438,788.71630859375,223.5331268310547,1126.363037109375,399.9521179199219,179.25633239746094,160.43960571289062,873.3318481445312,1406.6282958984375,661.21875,4646.2080078125,92.0259017944336,93.83761596679688,118.34764862060547,65.30610656738281,232.27101135253906,230.89781188964844,712.6795043945312,68.05707550048828,27.83365249633789,1006.1900024414062,346.5906677246094,3877.5849609375,56.447391510009766,83.75444793701172,500.04443359375
2016-09-30,1462.0296630859375,244.3367156982422,219.0367889404297,1075.82666015625,533.191650390625,2222.97314453125,147.3363494873047,269.1102600097656,82.68241119384766,20629.11328125,112.09721374511719,545.1302490234375,149.35128784179688,584.3658447265625,48.29421615600586,709.185302734375,307.9046936035156,295.0190734863281,2499.823486328125,144.20492553710938,746.4014282226562,218.4646453857422,1135.6209716796875,400.0293884277344,166.3661651611328,154.49444580078125,827.2682495117188,1410.471923828125,646.9963989257812,5035.7021484375,86.46324157714844,101.91886901855469,130.5489044189453,63.281463623046875,237.46426391601562,229.75477600097656,683.281494140625,66.47024536132812,28.1457576751709,973.936767578125,310.4012451171875,3707.07958984375,57.12810516357422,81.59093475341797,506.7642822265625
2016-10-31,1386.042724609375,292.1572570800781,210.03172302246094,991.6663818359375,479.56231689453125,2239.089599609375,137.52276611328125,273.26690673828125,85.29115295410156,19808.58203125,122.42677307128906,540.5252075195312,150.509765625,632.517578125,55.86738204956055,707.7116088867188,296.0042419433594,291.82049560546875,2454.531005859375,141.32461547851562,719.4385375976562,239.8648681640625,1139.2769775390625,389.2754211425781,167.5724639892578,162.91510009765625,854.7159423828125,1412.46484375,603.7774047851562,5402.39599609375,88.94612884521484,113.93152618408203,133.56443786621094,63.04847717285156,231.16445922851562,235.92727661132812,683.925537109375,69.02680206298828,30.492176055908203,963.6541748046875,322.0823974609375,3833.310791015625,67.27203369140625,78.7204818725586,482.2949523925781
2016-11-30,1226.7579345703125,264.46417236328125,183.407958984375,901.2105712890625,462.7692565917969,2110.983154296875,144.47589111328125,278.1948547363281,79.88948822021484,18572.796875,117.83381652832031,532.4898681640625,143.00282287597656,601.1968994140625,54.75234603881836,638.062255859375,311.7712097167969,278.041259765625,2318.471435546875,165.9726104736328,732.0146484375,230.0745086669922,1031.8348388671875,380.70941162109375,160.26577758789062,150.20956420898438,798.1754150390625,1428.12353515625,545.4617309570312,4841.43798828125,95.31400299072266,116.61854553222656,128.18287658691406,68.7834243774414,216.9433135986328,236.24732971191406,653.0135498046875,65.28013610839844,31.214149475097656,914.380859375,358.7154235839844,3468.285888671875,76.95319366455078,79.25711059570312,422.32666015625
2016-12-31,1216.3856201171875,255.4710693359375,179.4927520751953,827.9448852539062,443.16912841796875,2069.35546875,135.0143280029297,261.95391845703125,74.395751953125,19047.4921875,116.28759002685547,534.5574951171875,139.0176239013672,575.5272216796875,56.61502456665039,632.5269775390625,321.13836669921875,279.57098388671875,2228.838623046875,146.42420959472656,716.70654296875,221.1938018798828,1052.0128173828125,394.3876953125,166.57296752929688,143.10122680664062,778.75146484375,1411.135986328125,545.277587890625,4890.6708984375,96.2487564086914,115.8616943359375,107.12062072753906,65.77256774902344,237.1793975830078,228.79457092285156,579.5978393554688,66.91104125976562,29.42425537109375,950.3364868164062,361.45086669921875,3128.285888671875,72.36647033691406,80.82434844970703,419.9168395996094
2017-01-31,1291.733154296875,279.167236328125,199.28651428222656,901.9540405273438,458.9772644042969,2227.572265625,145.3560333251953,298.4209289550781,84.12489318847656,20025.474609375,124.7323989868164,540.7132568359375,143.28085327148438,567.7040405273438,60.346824645996094,667.571533203125,314.6221618652344,298.21759033203125,2323.08447265625,179.38262939453125,741.9019775390625,233.02024841308594,1188.891357421875,362.3871154785156,177.9121856689453,153.9277801513672,834.8302001953125,1395.714599609375,570.7763671875,5419.037109375,100.68877410888672,122.64324951171875,125.77046966552734,74.26744842529297,229.02798461914062,238.0762176513672,580.9778442382812,70.34915161132812,34.82402801513672,898.3553466796875,334.3180847167969,3555.872314453125,84.73724365234375,78.02202606201172,453.376708984375
2017-02-28,1289.9052734375,287.16107177734375,199.5475311279297,951.6649780273438,499.0146484375,2166.60498046875,145.48806762695312,312.9477233886719,100.23291778564453,19596.576171875,126.08387756347656,548.5604248046875,149.16592407226562,535.9506225585938,67.81977081298828,725.9672241210938,328.2791442871094,322.195068359375,2298.003662109375,174.0941925048828,751.0089111328125,239.43170166015625,1246.3868408203125,395.0902099609375,180.73838806152344,159.48521423339844,848.0777587890625,1398.941162109375,603.9385375976562,5445.0087890625,96.67401885986328,118.53398895263672,131.19839477539062,69.21661376953125,271.2859802246094,246.1691131591797,624.677734375,72.81753540039062,36.30181884765625,993.6183471679688,369.2137451171875,3632.96826171875,86.74602508544922,83.63574981689453,472.192138671875
2017-03-31,1327.084716796875,323.1811218261719,206.96484375,997.4736938476562,483.4035339355469,2205.559326171875,152.22117614746094,300.0064697265625,100.4797134399414,20657.0625,124.56474304199219,557.2535400390625,144.15724182128906,495.0296630859375,65.94351959228516,769.076416015625,341.81915283203125,334.3518371582031,2398.18798828125,184.1988983154297,790.7752685546875,239.8648681640625,1353.2593994140625,398.9341735839844,193.21498107910156,173.42349243164062,909.0916748046875,1371.5150146484375,592.3168334960938,5530.69580078125,98.48351287841797,113.29776763916016,139.08514404296875,71.07176208496094,289.4403381347656,268.2986755371094,633.0958251953125,79.64969635009766,36.30181884765625,979.7383422851562,339.4562683105469,3835.283203125,92.05255889892578,88.23846435546875,496.3832702636719
2017-04-30,1492.7352294921875,311.85650634765625,215.0545654296875,1041.0985107421875,501.9694519042969,2251.58984375,165.07130432128906,304.6773376464844,108.40826416015625,20875.2890625,137.86746215820312,523.8907470703125,136.27574157714844,488.78631591796875,74.16569519042969,846.8272094726562,318.1192932128906,358.4451904296875,2470.127197265625,188.25967407226562,810.89697265625,241.29449462890625,1372.060302734375,358.6212463378906,191.62957763671875,179.33880615234375,1010.0506591796875,1270.1126708984375,614.7088623046875,5998.7958984375,97.5936050415039,114.24703979492188,156.66798400878906,74.92613983154297,305.72125244140625,264.96099853515625,590.5919799804688,74.31620788574219,33.786190032958984,915.8204956054688,308.25726318359375,4089.573974609375,87.2075424194336,84.56827545166016,488.31951904296875
2017-05-31,1502.3712158203125,322.6101379394531,210.9878387451172,1069.6707763671875,506.3031005859375,2237.3994140625,156.7099151611328,318.43280029296875,85.27046203613281,21189.76171875,142.35287475585938,485.2650146484375,129.3301544189453,474.6256103515625,72.425048828125,846.8272094726562,340.0751953125,379.23565673828125,2787.843994140625,189.53457641601562,925.4262084960938,282.8387145996094,1406.0072021484375,381.29486083984375,214.92840576171875,192.08413696289062,1016.3424682617188,1101.8052978515625,652.1744995117188,6629.62646484375,95.04252624511719,108.39842987060547,139.64186096191406,74.90811157226562,293.7790222167969,266.0191650390625,461.4703369140625,71.40703582763672,37.95634460449219,1025.990234375,288.3327331542969,4037.840087890625,85.45298767089844,91.6263198852539,477.1971435546875
2017-06-30,1439.0479736328125,345.49737548828125,215.623046875,1031.703369140625,509.5533752441406,2194.35693359375,143.30526733398438,325.417724609375,83.48114776611328,21260.119140625,122.73275756835938,522.152099609375,120.31575775146484,505.889892578125,63.231956481933594,910.6481323242188,334.82208251953125,385.4537048339844,2777.440185546875,180.32699584960938,944.7636108398438,278.7002258300781,1404.34521484375,370.695556640625,226.59869384765625,190.03610229492188,974.146240234375,1005.8123168945312,620.7152709960938,6635.693359375,94.3009262084961,96.333740234375,127.39421081542969,75.84468841552734,302.39056396484375,252.50135803222656,511.2421569824219,71.01032257080078,41.043548583984375,962.3987426757812,282.41815185546875,3810.595458984375,89.17691802978516,88.40956115722656,455.4158020019531
2017-07-31,1600.820068359375,378.0008850097656,230.1407470703125,1086.6583251953125,516.9966430664062,2252.705322265625,147.20594787597656,359.9629821777344,89.52782440185547,22035.572265625,135.65577697753906,528.2531127929688,122.7048110961914,451.5163879394531,65.90852355957031,1013.004150390625,351.3489074707031,416.3334045410156,2743.22265625,207.4303436279297,1011.4035034179688,290.6589050292969,1568.6844482421875,400.6706237792969,199.71347045898438,203.2665252685547,1046.421875,985.8516845703125,652.049072265625,7125.21630859375,97.41561126708984,103.74404907226562,150.5905303955078,80.43751525878906,356.7419738769531,288.3489685058594,489.1161193847656,72.28860473632812,43.409149169921875,1017.9959716796875,292.0146179199219,3914.28125,100.20542907714844,98.71002197265625,504.697509765625
2017-08-31,1662.7489013671875,375.1842346191406,246.69667053222656,1093.06591796875,497.6514892578125,2257.477783203125,122.2061996459961,367.48095703125,80.02909851074219,20038.453125,152.31227111816406,539.3822631835938,116.94148254394531,382.8757019042969,66.65203094482422,1131.2708740234375,341.2622375488281,414.478515625,2997.8662109375,224.75950622558594,1067.409912109375,286.2884216308594,1579.1693115234375,362.5332336425781,197.61305236816406,194.18406677246094,1008.0862426757812,935.651611328125,624.8667602539062,7150.29052734375,100.11502075195312,96.11939239501953,133.4252471923828,78.9786148071289,352.1700439453125,256.2845458984375,442.6564025878906,71.05152130126953,48.84008026123047,1019.8549194335938,324.0275573730469,3859.767578125,110.6072998046875,102.35456085205078,483.9693298339844
2017-09-30,1530.347900390625,359.7166442871094,234.46522521972656,1058.59619140625,506.4040222167969,2494.013427734375,121.98456573486328,334.616455078125,78.18202209472656,18724.5078125,135.69900512695312,552.7748413085938,133.41871643066406,441.2004089355469,73.8316879272461,1078.18896484375,345.009033203125,421.30303955078125,2832.3681640625,228.25045776367188,1027.2862548828125,265.6849060058594,1603.427490234375,356.5699462890625,180.8448486328125,199.40670776367188,1013.1873779296875,968.6566162109375,582.7924194335938,7408.34130859375,100.6286392211914,105.19510650634766,119.73942565917969,77.2207260131836,344.9477844238281,234.23162841796875,466.0997314453125,69.75152587890625,49.95000076293945,995.1790771484375,346.5048522949219,3718.707275390625,112.52291870117188,95.90392303466797,484.5282897949219
2017-10-31,1671.29248046875,410.893310546875,247.70863342285156,1107.052001953125,520.3285522460938,2612.48193359375,150.6190185546875,427.195556640625,91.26668548583984,19150.21484375,155.94009399414062,591.9151611328125,141.10317993164062,460.032470703125,81.9627914428711,1166.758544921875,337.5155944824219,421.9563903808594,2888.909423828125,253.6748504638672,1082.8992919921875,288.2575988769531,1550.9554443359375,370.3670349121094,186.02581787109375,203.9429931640625,1084.3824462890625,982.078369140625,624.8667602539062,7624.7451171875,108.92172241210938,117.59452819824219,182.92620849609375,77.53180694580078,415.6026611328125,282.1667175292969,512.0845336914062,76.11703491210938,53.87297058105469,1074.9232177734375,364.819580078125,4246.3330078125,118.8249740600586,100.62640380859375,504.83721923828125
2017-11-30,1540.5078125,380.0058898925781,230.98934936523438,1075.083251953125,532.5125122070312,2651.302978515625,149.9098358154297,426.5511474609375,85.67894744873047,18531.888671875,145.07095336914062,566.7333374023438,135.8570556640625,432.7315673828125,82.5265884399414,1112.371337890625,335.22283935546875,432.5024108886719,2726.637939453125,228.108154296875,1120.7738037109375,295.4136047363281,1584.125732421875,392.1627502441406,179.26954650878906,199.01876831054688,1079.2811279296875,781.1346435546875,653.5592041015625,7984.89111328125,108.8615951538086,112.96670532226562,163.39491271972656,75.4091567993164,407.07720947265625,295.59228515625,500.0906066894531,84.90320587158203,53.134307861328125,1080.2486572265625,370.26861572265625,4056.016845703125,105.79127502441406,99.89065551757812,529.2919921875
2017-12-31,1624.095458984375,387.30999755859375,239.39297485351562,1086.098876953125,560.9085083007812,2673.842041015625,142.41876220703125,455.07672119140625,86.14458465576172,18378.58984375,149.05868530273438,573.9013061523438,129.5272216796875,457.3895263671875,88.03248596191406,1108.4251708984375,352.0234375,436.8654479980469,2840.322509765625,259.5091552734375,1204.8018798828125,301.6090393066406,1571.6868896484375,418.6592102050781,184.31053161621094,200.98846435546875,1116.27587890625,845.5206909179688,698.0032958984375,9034.5966796875,106.36768341064453,122.06534576416016,159.0339813232422,73.32308959960938,406.85638427734375,285.94989013671875,528.9873046875,83.82735443115234,56.06217956542969,1106.548583984375,381.4693603515625,4168.7119140625,118.12674713134766,107.53900909423828,542.0083618164062
2018-01-31,1584.2410888671875,409.46112060546875,230.37339782714844,1057.7864990234375,590.3986206054688,2676.688720703125,139.00567626953125,380.37213134765625,93.31553649902344,17681.107421875,141.74539184570312,558.48095703125,147.55612182617188,421.6104431152344,85.68779754638672,1103.0057373046875,390.76715087890625,467.9667663574219,2770.01123046875,243.00228881835938,1206.122802734375,339.0220031738281,1671.0074462890625,462.13031005859375,190.0166015625,220.63565063476562,1256.669921875,844.2310180664062,709.108642578125,8830.451171875,102.3113021850586,127.2243423461914,158.98760986328125,70.92597198486328,424.63604736328125,289.041015625,537.0914306640625,79.79287719726562,56.645931243896484,1277.9991455078125,463.6588134765625,4227.95263671875,121.8685302734375,104.61134338378906,553.0944213867188
2018-02-28,1499.08349609375,389.8879699707031,222.0577850341797,1047.8956298828125,525.8983154296875,2422.7880859375,125.84090423583984,370.60009765625,84.41338348388672,17031.3359375,127.67186737060547,556.1229858398438,152.2849884033203,423.864990234375,81.91009521484375,1096.01708984375,372.4477844238281,439.61859130859375,2740.831787109375,232.80406188964844,1160.674072265625,300.8886413574219,1602.0455322265625,471.1096496582031,185.5707550048828,216.9748077392578,1169.417236328125,783.2839965820312,676.8616333007812,8218.7529296875,99.75211334228516,117.75055694580078,94.08428192138672,73.27149200439453,421.65435791015625,247.2880401611328,495.8301086425781,75.75840759277344,53.958457946777344,1246.2576904296875,463.6588134765625,4009.511962890625,118.0729751586914,100.52577209472656,526.6834716796875
2018-03-31,1392.3590087890625,338.0906677246094,204.986572265625,1050.380126953125,507.74676513671875,2201.491943359375,126.15119934082031,344.7864685058594,76.38518524169922,16420.931640625,127.04773712158203,514.4361572265625,147.80453491210938,394.1768798828125,78.4307632446289,999.2230834960938,383.6572265625,440.0618896484375,2699.758056640625,203.5375518798828,1174.4144287109375,267.3658447265625,1712.613525390625,454.7176818847656,178.88446044921875,208.4693145751953,1162.9852294921875,702.9446411132812,686.6658935546875,8228.17578125,103.69332122802734,112.56208038330078,88.42438507080078,71.62224578857422,389.91595458984375,230.58688354492188,458.5513916015625,70.82738494873047,45.879947662353516,1169.9234619140625,483.37359619140625,3811.13916015625,106.86399841308594,96.52601623535156,536.1392822265625
2018-04-30,1465.9251708984375,388.8854675292969,222.4421844482422,1126.5989990234375,514.5100708007812,2368.24609375,132.0465087890625,354.16937255859375,82.44154357910156,17685.255859375,115.12910461425781,572.86376953125,148.6914520263672,399.72802734375,77.60718536376953,1039.9183349609375,416.98870849609375,453.6409912109375,2844.126220703125,223.5545196533203,1329.038818359375,272.9849548339844,1809.122314453125,481.9171142578125,197.0529327392578,240.95932006835938,1242.8299560546875,775.2595825195312,811.5647583007812,8185.32470703125,105.19034576416016,114.30303955078125,88.51715850830078,77.03327941894531,425.51947021484375,227.35736083984375,489.3931884765625,79.16529846191406,47.80015182495117,1450.357421875,507.5157775878906,3964.405029296875,114.76773071289062,95.7020492553711,547.8308715820312
2018-05-31,1264.5823974609375,374.42041015625,182.28456115722656,1223.1151123046875,542.955810546875,2205.9833984375,121.31969451904297,323.0806579589844,78.54481506347656,16739.873046875,120.0630111694336,494.9602966308594,154.56088256835938,366.9043884277344,83.76611328125,988.6688842773438,361.3702392578125,502.3614196777344,2701.358154296875,222.17893981933594,1419.36474609375,274.5218200683594,1863.8819580078125,494.89422607421875,193.96604919433594,265.53082275390625,1215.7716064453125,735.9019165039062,857.7049560546875,7927.41357421875,102.37958526611328,112.62537384033203,77.61489868164062,77.62627410888672,406.9888610839844,248.71823120117188,444.8902893066406,72.88946533203125,46.24952697753906,1441.7239990234375,539.1126098632812,3613.249755859375,95.4987564086914,89.91699981689453,518.0194702148438
2018-06-30,1250.8594970703125,356.2793884277344,184.10385131835938,1191.029052734375,508.0451354980469,2254.108642578125,99.86599731445312,330.3014831542969,67.3710708618164,16042.9365234375,110.9531021118164,581.5877685546875,137.91783142089844,423.4481506347656,81.22376251220703,957.3391723632812,367.6818542480469,495.08233642578125,2646.947998046875,218.66883850097656,1456.4312744140625,264.5322570800781,1848.8143310546875,538.0603637695312,190.0745849609375,267.19207763671875,1131.2247314453125,863.3843994140625,834.2398681640625,8195.212890625,97.55237579345703,100.28028869628906,70.656005859375,69.25027465820312,432.43280029296875,239.30654907226562,522.3651733398438,65.67223358154297,45.61482238769531,1530.080322265625,496.05010986328125,3684.35888671875,90.84497833251953,89.77967834472656,506.7470397949219
2018-07-31,1428.09326171875,383.6007995605469,204.7373046875,1367.1239013671875,547.431640625,2210.19384765625,135.94717407226562,337.7818298339844,69.53070068359375,17152.24609375,115.84241485595703,604.88330078125,136.22227478027344,406.63446044921875,89.55502319335938,974.7868041992188,383.1036682128906,511.76544189453125,2538.84375,202.44656372070312,1536.7451171875,292.2437744140625,1916.593505859375,561.892822265625,212.56651306152344,260.142333984375,1155.3558349609375,792.3948364257812,876.8497314453125,8840.5263671875,94.61937713623047,104.90177154541016,78.96028137207031,67.56395721435547,527.3950805664062,270.8173522949219,526.5330200195312,68.06327056884766,46.04343032836914,1609.8729248046875,526.880859375,4057.2939453125,85.46043395996094,94.89521789550781,493.7247009277344
2018-08-31,1529.849853515625,367.67138671875,214.18881225585938,1292.7576904296875,645.7484741210938,2246.865478515625,135.59259033203125,334.1170349121094,75.68095397949219,20147.9609375,109.73836517333984,627.5320434570312,149.18707275390625,476.2351379394531,89.20034790039062,1020.9002075195312,416.24676513671875,483.9876403808594,2507.517822265625,225.73643493652344,1579.741943359375,330.55084228515625,1831.5299072265625,593.175537109375,228.3822479248047,256.2408142089844,1230.531982421875,895.2888793945312,904.346435546875,8521.74609375,104.79317474365234,113.98651123046875,81.79023742675781,74.67984771728516,552.1417236328125,285.6730651855469,604.65625,70.02618408203125,49.10590362548828,1724.5435791015625,592.7070922851562,4329.8251953125,87.57581329345703,103.42687225341797,468.2493896484375
2018-09-30,1449.1912841796875,315.6130065917969,198.39198303222656,1218.20361328125,609.9425659179688,2199.87939453125,88.20832061767578,294.6862487792969,65.17444610595703,18263.98828125,113.3902587890625,619.85546875,138.90914916992188,483.62139892578125,90.83003234863281,976.9083251953125,432.694580078125,471.03790283203125,2260.48828125,218.99717712402344,1427.3675537109375,294.8039245605469,1623.50634765625,600.99609375,212.60223388671875,227.24761962890625,1142.9736328125,865.9729614257812,806.5856323242188,6883.75244140625,103.42359924316406,113.05992889404297,55.392818450927734,70.83827209472656,559.3900146484375,244.9812469482422,578.9818725585938,60.12025833129883,47.53173065185547,1811.9161376953125,576.9954833984375,3927.80126953125,89.34500122070312,111.23753356933594,410.7893981933594
2018-10-31,1283.440185546875,305.96905517578125,174.96299743652344,1161.7379150390625,579.2589721679688,2123.137939453125,98.09297180175781,254.47206115722656,65.41230010986328,18092.103515625,83.37205505371094,596.3519897460938,138.85694885253906,485.8764343261719,89.691650390625,797.1629028320312,420.74005126953125,448.8954162597656,2128.78515625,210.17626953125,1447.384033203125,342.5147399902344,1368.98828125,571.2156982421875,199.99960327148438,222.77870178222656,1165.79541015625,851.0747680664062,717.5842895507812,6198.41650390625,98.96060180664062,97.77896881103516,68.33637237548828,69.91706085205078,471.92071533203125,259.6524658203125,539.0360717773438,69.88923645019531,45.29109573364258,1611.5592041015625,575.7572021484375,3385.496337890625,81.21047973632812,113.70947265625,422.4968566894531
2018-11-30,1386.783935546875,350.87835693359375,192.97845458984375,1270.8394775390625,622.3751831054688,2247.5615234375,93.12847900390625,275.15924072265625,64.84143829345703,17383.63671875,98.31295776367188,512.5736694335938,127.77030181884766,520.2276000976562,82.21436309814453,828.4354858398438,404.5577697753906,499.77850341796875,2354.467529296875,215.70721435546875,1565.4635009765625,342.6595153808594,1567.550048828125,555.4457397460938,204.06956481933594,245.63082885742188,1287.0921630859375,852.32421875,740.9589233398438,7177.587890625,86.9663314819336,89.51642608642578,64.85691833496094,67.73625946044922,519.1906127929688,262.6512756347656,457.6116943359375,69.47837829589844,43.29987716674805,1636.587646484375,546.385009765625,3869.463623046875,81.5588150024414,111.460693359375,457.6190490722656
2018-12-31,1407.8822021484375,372.0375671386719,199.76756286621094,1296.4271240234375,616.5567626953125,2226.646728515625,105.31806945800781,274.281494140625,69.55111694335938,17968.138671875,109.93533325195312,492.33990478515625,129.35342407226562,500.02777099609375,86.34844970703125,789.5599975585938,384.3697814941406,498.1935119628906,2392.267822265625,215.70721435546875,1624.056640625,347.483642578125,1536.32958984375,548.3720703125,201.1063690185547,250.1196746826172,1291.6295166015625,811.5222778320312,753.0911254882812,6993.8759765625,92.39012145996094,95.64154052734375,72.4653091430664,74.6922607421875,498.6017150878906,273.0318298339844,399.9224853515625,70.11748504638672,42.6088752746582,1574.05908203125,559.6972045898438,3861.04638671875,84.2031478881836,113.58930206298828,446.2394714355469
2019-01-31,1328.7637939453125,324.9691162109375,186.2781219482422,1333.77001953125,718.8023071289062,2091.090576171875,99.68869018554688,268.9275817871094,61.558921813964844,17272.271484375,104.69239807128906,490.25494384765625,120.70297241210938,519.9600830078125,79.60209655761719,689.526123046875,400.6517639160156,488.3902282714844,2014.421630859375,198.8282470703125,1573.71923828125,351.6324462890625,1446.2708740234375,627.1975708007812,198.96426391601562,249.9703826904297,1180.890380859375,841.7032470703125,637.1084594726562,6221.6025390625,86.59439849853516,90.12255096435547,71.90860748291016,70.91346740722656,545.6939086914062,270.95574951171875,393.373291015625,65.09605407714844,38.982154846191406,1678.3011474609375,566.4695434570312,3404.797607421875,82.18347930908203,127.11375427246094,356.0924377441406
2019-02-28,1327.7838134765625,312.6862487792969,189.52496337890625,1326.7828369140625,705.7232055664062,2374.35888671875,89.53809356689453,279.15277099609375,62.11294174194336,17432.244140625,105.70712280273438,525.5576171875,122.66410064697266,502.923095703125,83.55287170410156,743.1293334960938,420.8681640625,487.82672119140625,2063.953125,186.66970825195312,1546.408447265625,337.8353576660156,1415.8189697265625,614.4368286132812,197.1077880859375,241.48043823242188,1161.707275390625,734.0994262695312,605.1149291992188,6398.24169921875,89.88618469238281,98.3321304321289,67.0837631225586,68.75145721435547,547.4281005859375,248.25689697265625,413.53192138671875,59.755069732666016,40.92430877685547,1652.7608642578125,642.51220703125,3701.94970703125,70.54409790039062,127.01049041748047,437.1076965332031
2019-03-31,1524.6983642578125,365.8961486816406,207.22169494628906,1413.460205078125,776.4895629882812,2413.81396484375,115.33570098876953,289.5974426269531,68.95548248291016,16387.62109375,120.83272552490234,498.1209411621094,130.06544494628906,519.2720947265625,87.5350570678711,793.9114379882812,432.4491271972656,540.7173461914062,1983.573486328125,192.9635772705078,1502.8983154296875,386.4627990722656,1749.3963623046875,617.3654174804688,214.20875549316406,266.8905029296875,1245.9410400390625,696.7095336914062,614.5302734375,6179.53955078125,103.66342163085938,103.78219604492188,88.47077178955078,76.8421859741211,604.7700805664062,294.3465881347656,441.6798400878906,65.32430267333984,41.40269470214844,1666.801513671875,597.2734985351562,3781.715576171875,74.92300415039062,116.94554138183594,414.72308349609375
2019-04-30,1538.12841796875,376.93157958984375,197.0773468017578,1381.4993896484375,762.7141723632812,2442.70947265625,103.41206359863281,306.1797180175781,68.23268127441406,16509.291015625,118.95378875732422,535.4610595703125,138.9072723388672,560.656005859375,86.96094512939453,861.85986328125,472.5632019042969,544.1573486328125,1972.6568603515625,196.49192810058594,1568.7655029296875,393.1683654785156,1543.2459716796875,628.7037353515625,215.1726837158203,276.00750732421875,1211.66357421875,838.1949462890625,604.5526733398438,6245.25830078125,102.36524963378906,112.63595581054688,78.77471923828125,72.24909210205078,619.3555908203125,285.9960021972656,425.1441345214844,61.900596618652344,45.56504440307617,1883.4951171875,647.1173095703125,4466.525390625,70.2100601196289,137.05238342285156,405.16986083984375
2019-05-31,1588.9735107421875,399.5781555175781,206.10446166992188,1328.76611328125,803.9405517578125,2395.068359375,118.12821960449219,333.4233093261719,67.65443420410156,16238.0009765625,128.1919708251953,529.6326293945312,139.65098571777344,511.84765625,88.19469451904297,847.4188842773438,437.1217956542969,569.4931640625,2104.908935546875,187.86170959472656,1596.2550048828125,408.79864501953125,1542.1412353515625,617.3236694335938,202.85272216796875,303.0000915527344,1399.448974609375,716.60595703125,606.1922607421875,6435.85498046875,101.75432586669922,114.46659088134766,74.83134460449219,73.3731460571289,591.496337890625,325.2575988769531,380.7392883300781,62.8135871887207,39.930747985839844,1830.332275390625,588.4890747070312,4605.16162109375,67.55902862548828,131.47482299804688,334.7849426269531
2019-06-30,1472.2509765625,393.6286315917969,190.23995971679688,1289.27783203125,804.1892700195312,2314.152587890625,107.8003158569336,331.36810302734375,70.4974594116211,14969.771484375,122.89958953857422,524.5149536132812,139.81622314453125,487.4052734375,76.2114486694336,874.1966552734375,425.9592590332031,577.380126953125,2027.356201171875,197.44554138183594,1606.982666015625,421.7273254394531,1354.96337890625,621.1646728515625,199.42996215820312,294.0324401855469,1395.5401611328125,725.4489135742188,613.9681396484375,6121.8310546875,107.93978881835938,111.67070007324219,73.81070709228516,80.19495391845703,557.2333984375,333.3313903808594,372.4714050292969,64.21757507324219,41.247318267822266,1870.8907470703125,546.8880615234375,4407.5595703125,73.36602020263672,128.766357421875,317.177001953125
2019-07-31,1470.601806640625,362.4882507324219,180.453125,1443.9647216796875,671.2970581054688,2106.055419921875,94.59122467041016,322.717041015625,56.764198303222656,13229.09375,108.19673919677734,496.7219543457031,112.6297607421875,495.7927551269531,62.95781326293945,753.93603515625,413.9164733886719,531.9929809570312,1873.89697265625,181.7109375,1552.1912841796875,410.6678466796875,1357.2208251953125,673.4801025390625,196.77186584472656,302.6456298828125,1262.604248046875,739.8678588867188,522.4569702148438,5124.158203125,96.63799285888672,92.43205261230469,64.20742797851562,81.70659637451172,518.6124877929688,306.5264587402344,396.4388732910156,56.353248596191406,36.254486083984375,1857.1578369140625,503.1037902832031,4216.18896484375,64.84490966796875,121.78865051269531,342.0858459472656
2019-08-31,1432.38525390625,351.11102294921875,180.85531616210938,1534.2420654296875,661.1395874023438,2333.5244140625,82.09135437011719,331.5115051269531,48.71697998046875,13367.6953125,113.9127426147461,450.347900390625,101.77717590332031,492.4997863769531,63.88658142089844,686.4260864257812,441.0650939941406,527.56494140625,2045.6502685546875,177.09967041015625,1691.7548828125,396.2084045410156,1347.8814697265625,691.5125732421875,178.89344787597656,285.0989685058594,1208.8616943359375,716.8436889648438,502.318603515625,5816.9091796875,94.80919647216797,81.18486022949219,60.21765899658203,78.64545440673828,558.5426635742188,252.68594360351562,421.1276550292969,52.816627502441406,28.941497802734375,1902.541015625,548.4920043945312,3930.398681640625,58.55397033691406,116.78488159179688,352.9652099609375
2019-09-30,1515.6038818359375,397.4361572265625,182.28538513183594,1672.790771484375,682.1517333984375,2461.988525390625,82.49029541015625,350.8687438964844,47.75996398925781,12986.19921875,150.73997497558594,405.5943298339844,110.09564208984375,520.3743896484375,66.19987487792969,704.9154052734375,433.14837646484375,581.3053588867188,2151.19189453125,183.72471618652344,1781.6959228515625,419.4692687988281,1336.099853515625,683.6630859375,189.2345428466797,327.5216979980469,1341.73876953125,692.3685302734375,519.7496337890625,6379.2939453125,91.57482147216797,88.28520965576172,57.48048782348633,78.07669067382812,595.9861450195312,249.87167358398438,364.138916015625,58.168094635009766,30.250530242919922,1767.5711669921875,564.9786376953125,4210.70849609375,64.86592864990234,110.08261108398438,251.17198181152344
2019-10-31,1477.8114013671875,380.01019287109375,180.8106231689453,1721.012451171875,733.2882690429688,2717.702392578125,86.16932678222656,357.7513427734375,55.802181243896484,14132.716796875,168.85699462890625,445.0098876953125,114.3375244140625,535.9630126953125,67.6026382446289,742.2322998046875,466.8917236328125,582.6787719726562,2150.75439453125,180.41217041015625,1965.7193603515625,447.856201171875,1268.16259765625,589.1135864257812,187.6324005126953,313.58990478515625,1340.646728515625,720.8101196289062,576.0798950195312,7180.62353515625,95.39371490478516,94.91661834716797,60.635189056396484,77.8021011352539,655.0814819335938,288.2566833496094,405.2325134277344,55.18988800048828,31.932987213134766,1953.9700927734375,584.3516235351562,4018.614501953125,62.42531967163086,119.0342788696289,246.53643798828125
2019-11-30,1434.5528564453125,366.8087158203125,182.9110107421875,1622.626953125,735.97705078125,2657.98974609375,92.9955062866211,422.94476318359375,52.59516525268555,14905.822265625,164.03114318847656,444.8669128417969,113.07044219970703,561.1223754882812,62.040863037109375,759.9010009765625,452.7976379394531,603.8008422851562,1935.496337890625,192.17404174804688,1839.1654052734375,495.78033447265625,1515.2861328125,598.350830078125,179.4396514892578,321.6960144042969,1210.9552001953125,774.5492553710938,503.9809265136719,6882.7841796875,90.67858123779297,88.25170135498047,60.86714553833008,75.82127380371094,693.9118041992188,315.4306335449219,420.6134033203125,53.37504196166992,35.872684478759766,1767.668701171875,602.1035766601562,4131.02880859375,60.847328186035156,109.11857604980469,277.2352294921875
2019-12-31,1362.4554443359375,351.3990478515625,175.40330505371094,1697.5692138671875,750.9644775390625,2665.521728515625,90.3359603881836,435.7062683105469,42.87541580200195,14196.662109375,157.61802673339844,455.8289489746094,116.43093872070312,553.5543212890625,59.579891204833984,717.998046875,456.23077392578125,602.4510498046875,1943.0518798828125,207.5364227294922,1737.68701171875,521.2174072265625,1458.213134765625,628.2533569335938,173.10391235351562,335.4685363769531,1181.5126953125,738.5618286132812,504.9308166503906,6999.3837890625,92.78284454345703,86.27568054199219,59.707332611083984,74.62490844726562,677.3150024414062,307.9566345214844,404.437744140625,52.583953857421875,39.611000061035156,1861.0347900390625,602.775634765625,3924.38525390625,64.15057373046875,112.83696746826172,276.4311218261719
2020-01-31,1418.0126953125,354.66339111328125,182.77696228027344,1707.74560546875,726.2675170898438,2661.37939453125,82.18000793457031,474.5642395019531,42.18467330932617,12821.8349609375,146.52334594726562,425.9931945800781,100.09699249267578,599.7617797851562,59.28458786010742,752.0320434570312,476.5340270996094,580.7607421875,1989.8177490234375,181.80441284179688,1838.216552734375,508.4021911621094,1215.676513671875,666.7484741210938,171.2469024658203,336.9423522949219,1246.22216796875,694.8353271484375,538.748046875,6567.08740234375,87.95082092285156,72.97930145263672,56.088714599609375,73.29129028320312,631.5060424804688,293.8391418457031,406.073974609375,54.07305908203125,36.81250762939453,1793.9444580078125,629.8977661132812,4283.30810546875,58.027976989746094,109.14429473876953,254.62501525878906
2020-02-29,1244.83740234375,328.5484924316406,183.26852416992188,1709.932861328125,694.4005737304688,2418.63671875,67.64115905761719,500.42169189453125,30.195344924926758,11199.2197265625,136.7113037109375,383.2890319824219,92.77012634277344,563.6739501953125,54.21626663208008,663.4953002929688,430.56451416015625,557.7207641601562,1678.123779296875,149.68739318847656,1965.176513671875,480.93402099609375,1066.1856689453125,628.7260131835938,143.86488342285156,322.7217712402344,1080.8084716796875,619.1362915039062,434.16168212890625,5968.27392578125,83.04084777832031,61.59199142456055,41.799774169921875,71.19276428222656,594.3756713867188,279.5831604003906,351.1816101074219,43.46320343017578,32.03367614746094,1725.864013671875,588.6215209960938,4092.716552734375,47.970916748046875,102.06925964355469,226.38589477539062
2020-03-31,912.7644653320312,243.9412841796875,139.16070556640625,1591.2855224609375,377.4241027832031,1768.5067138671875,47.47291946411133,421.4631042480469,20.52494239807129,8675.701171875,107.17940521240234,407.2889099121094,84.1108627319336,600.96533203125,39.75339889526367,459.6770935058594,351.6390686035156,408.18536376953125,1305.734619140625,91.88634490966797,2077.00146484375,313.1269836425781,339.2518310546875,551.2200317382812,125.03972625732422,258.1315612792969,746.1339721679688,570.4276733398438,270.6802062988281,4073.4267578125,66.03640747070312,49.146671295166016,30.016040802001953,64.70323181152344,498.2395324707031,181.63674926757812,331.7814025878906,30.573148727416992,22.622865676879883,1587.19482421875,453.248291015625,3147.27734375,28.14530372619629,90.66165924072266,117.26089477539062
2020-04-30,1111.244873046875,281.6051025390625,153.4164276123047,1679.3240966796875,443.05010986328125,2294.026123046875,43.6165771484375,491.6272888183594,22.153121948242188,9799.3701171875,125.13848114013672,567.9024047851562,89.18573760986328,758.0164184570312,49.698238372802734,487.4836120605469,437.9776611328125,474.44024658203125,1772.1414794921875,125.01153564453125,1983.4754638671875,367.6763610839844,452.0943603515625,614.8057861328125,132.5770721435547,270.31072998046875,828.3148193359375,808.069580078125,348.2887878417969,5090.2880859375,74.5458755493164,57.493690490722656,29.969646453857422,65.90292358398438,655.8196411132812,175.77752685546875,437.39959716796875,29.50285530090332,25.03116226196289,1750.9033203125,437.8193359375,3428.023681640625,38.95536422729492,88.01139831542969,150.75050354003906
2020-05-31,1212.05859375,314.3182678222656,172.70741271972656,1607.1363525390625,383.349365234375,2370.281005859375,34.529788970947266,528.2388916015625,27.629728317260742,8976.3564453125,115.93912506103516,624.2977294921875,84.86158752441406,784.0037841796875,47.958534240722656,568.8757934570312,443.3763732910156,450.6898498535156,1930.9364013671875,133.31683349609375,1859.09033203125,321.05792236328125,380.1493835449219,601.8361206054688,143.71922302246094,243.78155517578125,860.3381958007812,841.4448852539062,414.4983215332031,5329.6611328125,76.74185180664062,59.86826705932617,24.820066452026367,64.07286071777344,661.3135375976562,148.83419799804688,446.6288146972656,34.01669692993164,24.771034240722656,1714.31103515625,425.1556701660156,3787.43115234375,40.1081428527832,98.0823745727539,173.64451599121094
2020-06-30,1271.2684326171875,333.8297119140625,174.55575561523438,1611.2900390625,404.9591369628906,2471.326904296875,43.08466339111328,535.1692504882812,35.2279052734375,10543.2919921875,126.4913330078125,616.6884765625,79.78668975830078,759.68212890625,53.04779815673828,598.3236694335938,448.6944580078125,504.7735900878906,2083.147705078125,140.37391662597656,1983.365478515625,339.9180908203125,458.5162658691406,640.9859008789062,141.75294494628906,270.9580078125,870.8587646484375,882.0757446289062,485.1249694824219,5545.76220703125,75.13407897949219,58.53706359863281,32.242889404296875,71.1084976196289,769.5606079101562,164.6587677001953,445.4045715332031,41.74142074584961,27.414283752441406,1815.06591796875,435.53509521484375,3776.470947265625,46.28532028198242,101.2396240234375,161.86639404296875
2020-07-31,1360.2022705078125,305.9701232910156,198.44898986816406,1639.5244140625,429.8551940917969,2627.771728515625,41.48893356323242,530.3896484375,35.4745979309082,12076.619140625,139.9521942138672,693.6481323242188,77.6246109008789,876.231201171875,50.19158935546875,611.2132568359375,569.9842529296875,489.12152099609375,2208.970947265625,156.60049438476562,2019.1651611328125,335.420654296875,505.78753662109375,841.3511352539062,148.9538116455078,272.01361083984375,842.9883422851562,896.3448486328125,578.55126953125,5948.94482421875,68.23241424560547,56.342376708984375,29.6449031829834,72.51154327392578,937.2877807617188,176.6540985107422,500.7327880859375,46.78514099121094,30.737228393554688,1993.2186279296875,550.7991333007812,4006.08349609375,49.50442123413086,129.4936065673828,131.26220703125
2020-08-31,1261.296630859375,345.33270263671875,189.83840942382812,1814.9932861328125,494.6844787597656,2594.585205078125,43.39494705200195,492.24151611328125,38.040218353271484,11928.0078125,137.92288208007812,687.291015625,80.68755340576172,826.5476684570312,49.672271728515625,655.4627685546875,561.2548828125,528.4529418945312,2480.955322265625,177.8677978515625,1934.603271484375,381.6522216796875,608.5867309570312,808.7771606445312,146.61380004882812,279.1039733886719,879.6727294921875,903.1608276367188,578.9806518554688,6555.666015625,77.9329833984375,58.968807220458984,32.521244049072266,72.77588653564453,943.4544677734375,195.61590576171875,490.8829650878906,56.43998336791992,35.55424499511719,1972.119384765625,598.7561645507812,3798.399169921875,55.9643440246582,125.0457992553711,192.56520080566406
2020-09-30,1329.6668701171875,331.7426452636719,195.65391540527344,1898.4267578125,422.88427734375,2519.467529296875,36.39147186279297,403.83758544921875,28.86319923400879,12780.7197265625,119.40577697753906,746.1906127929688,69.66696166992188,1005.4550170898438,45.07634735107422,722.8203735351562,657.8060302734375,510.811767578125,2597.531982421875,169.12832641601562,1889.740966796875,343.10980224609375,509.3123474121094,878.1494140625,131.7299346923828,252.5847625732422,839.3171997070312,980.9112548828125,579.9346313476562,6463.17626953125,68.79768371582031,49.83027267456055,26.49020004272461,67.57901000976562,1013.1241455078125,171.07164001464844,472.20062255859375,51.20427322387695,30.97006607055664,2177.478759765625,639.7640991210938,3940.163330078125,59.55320358276367,144.51939392089844,197.89443969726562
2020-10-31,1573.519775390625,349.31268310546875,234.153564453125,2116.783935546875,490.4521789550781,2524.539306640625,36.96770477294922,416.11724853515625,27.629728317260742,10807.39453125,119.87928771972656,726.7339477539062,68.5859146118164,947.476318359375,44.01176452636719,755.9893798828125,685.552978515625,560.5148315429688,2310.733154296875,164.68898010253906,1904.778564453125,379.71783447265625,565.6128540039062,933.6676635742188,126.78143310546875,308.1924743652344,865.2899780273438,885.342041015625,566.6739501953125,6675.66259765625,70.81876373291016,46.70013427734375,24.820066452026367,71.13583374023438,931.574462890625,174.62411499023438,439.4593811035156,50.09949493408203,35.343326568603516,2338.158935546875,682.6393432617188,4450.49560546875,45.90726089477539,157.03318786621094,178.00079345703125
2020-11-30,1627.004150390625,399.498779296875,251.54417419433594,2120.421875,599.0984497070312,2775.20947265625,45.5225830078125,444.4179992675781,32.415592193603516,11929.9609375,126.15312957763672,718.1614990234375,80.08585357666016,935.9056396484375,53.30746841430664,850.5911865234375,669.39013671875,682.3689575195312,2565.798583984375,218.44332885742188,1966.3001708984375,457.8182678222656,828.2361450195312,968.3523559570312,148.5701904296875,379.8331604003906,1065.0931396484375,868.3508911132812,688.7855224609375,6743.37548828125,76.55863189697266,56.486289978027344,31.03668212890625,80.03819274902344,875.0316162109375,225.37353515625,482.7684020996094,62.348167419433594,49.702762603759766,2351.14453125,735.979736328125,4672.28857421875,57.89348220825195,161.55014038085938,182.59527587890625
2020-12-31,1543.6046142578125,469.58453369140625,239.7884521484375,2646.10009765625,617.8701782226562,3011.756591796875,54.47639465332031,488.9797058105469,35.425262451171875,11901.3857421875,128.8926544189453,789.775390625,86.40087127685547,1008.8078002929688,64.00531768798828,901.1945190429688,770.3973388671875,680.2141723632812,2566.747802734375,232.14730834960938,2202.82275390625,517.49365234375,864.2568969726562,1105.5062255859375,160.3468475341797,397.4595031738281,1221.8583984375,951.1644897460938,687.449951171875,7331.6650390625,80.31785583496094,66.95606231689453,30.66554069519043,81.0427017211914,900.1970825195312,253.70089721679688,558.9130249023438,72.67548370361328,55.410377502441406,2511.797607421875,816.8507080078125,5145.3056640625,77.38311004638672,178.02780151367188,211.72525024414062
2021-01-31,1530.4361572265625,494.7746887207031,234.4887237548828,2304.246337890625,660.1436767578125,3502.99609375,60.32740783691406,531.0950927734375,35.573272705078125,14267.7177734375,129.73818969726562,795.5064697265625,80.30912780761719,892.055908203125,66.31693267822266,1025.3228759765625,747.21044921875,658.5238647460938,2687.28564453125,218.3950958251953,2081.894775390625,519.3797607421875,817.0822143554688,1090.7611083984375,155.9354248046875,341.1647033691406,1266.553466796875,981.1060180664062,715.115966796875,6907.125,71.91014099121094,63.53807830810547,30.943893432617188,78.7375717163086,835.1976928710938,260.29833984375,553.1102905273438,72.43531799316406,51.73873519897461,2735.116943359375,806.9464111328125,5183.349609375,77.31118774414062,193.04873657226562,208.40965270996094
2021-02-28,1653.865478515625,656.10791015625,263.5408020019531,2179.67041015625,721.7861938476562,3321.890869140625,75.70845031738281,533.6854248046875,46.97053909301758,13827.794921875,158.20098876953125,758.086181640625,97.08536529541016,857.916015625,75.04981231689453,1166.30322265625,743.4906616210938,726.673095703125,2714.888671875,328.36468505859375,1960.644775390625,578.1363525390625,1026.4951171875,1103.305419921875,160.24893188476562,354.5886535644531,1368.8494873046875,991.5733642578125,769.302978515625,6580.77685546875,89.43189239501953,81.24271392822266,37.90279006958008,91.47985076904297,945.7669677734375,359.99786376953125,565.9405517578125,91.40875244140625,61.56565856933594,2544.312744140625,771.2322998046875,5949.8212890625,99.38980865478516,189.53793334960938,190.41064453125
2021-03-31,1829.8907470703125,681.8319091796875,298.6662902832031,2428.72607421875,694.550048828125,3209.8701171875,65.6908187866211,496.2707824707031,48.10533142089844,13114.291015625,152.27011108398438,785.1038208007812,86.00501251220703,875.25244140625,73.03372955322266,1408.8782958984375,803.3330078125,707.3743896484375,2453.5048828125,315.4327697753906,2236.019775390625,562.9998168945312,921.7161865234375,1204.322265625,171.7655029296875,349.14141845703125,1346.4544677734375,993.6181640625,758.6658325195312,6574.1162109375,88.80677032470703,74.76524353027344,34.00580978393555,93.75891876220703,908.26806640625,336.1456604003906,568.986328125,99.19026947021484,69.89033508300781,2793.57470703125,832.1687622070312,6555.9443359375,109.67401885986328,191.31640625,192.49473571777344
2021-04-30,1810.180908203125,708.6722412109375,298.85968017578125,2427.76904296875,711.9274291992188,3352.5419921875,59.174922943115234,514.9300537109375,47.661285400390625,12574.9521484375,150.0818634033203,876.8486328125,87.78645324707031,1000.6677856445312,73.95002746582031,1361.47998046875,747.859375,668.8480834960938,2373.9697265625,351.6711120605469,2164.521728515625,580.7962036132812,902.885009765625,1192.2615966796875,159.2663116455078,348.30487060546875,1272.009765625,1041.3782958984375,717.9302978515625,6187.337890625,85.38953399658203,79.15673828125,32.33567428588867,95.67191314697266,904.36865234375,326.1802978515625,622.9058227539062,94.96326446533203,89.01473236083984,2668.5703125,806.1070556640625,6109.34326171875,123.33830261230469,227.6256561279297,175.82196044921875
2021-05-31,1909.4991455078125,747.0155639648438,316.0244140625,2849.977294921875,747.5785522460938,3666.52392578125,71.54180908203125,513.1553344726562,70.11043548583984,14201.6259765625,167.9436798095703,914.4135131835938,97.45254516601562,1028.9739990234375,86.2121353149414,1428.9351806640625,786.3361206054688,717.8880615234375,2532.576904296875,380.4783935546875,2151.922607421875,641.0035400390625,978.2582397460938,1240.1864013671875,170.2718963623047,360.035888671875,1392.7626953125,1187.43408203125,770.7816772460938,6791.77685546875,92.09901428222656,83.1822738647461,39.340965270996094,98.10665130615234,979.5474853515625,391.5548095703125,636.0882568359375,102.26444244384766,96.90467071533203,2790.720703125,857.5169677734375,6526.80322265625,131.46493530273438,249.01394653320312,198.32073974609375
2021-06-30,1937.14111328125,687.87939453125,329.417724609375,2878.70703125,745.1885375976562,3614.9736328125,76.15170288085938,504.2813415527344,64.68317413330078,13986.271484375,166.55599975585938,936.133544921875,96.75975036621094,1051.049072265625,80.6604995727539,1455.693359375,818.1988525390625,712.4574584960938,2444.241943359375,359.0538635253906,2289.064453125,610.1986083984375,981.4932861328125,1406.627197265625,163.9521026611328,339.7506408691406,1423.9356689453125,1118.88525390625,741.9232177734375,7203.52197265625,97.01651000976562,86.14653778076172,39.24817657470703,101.04137420654297,960.3711547851562,390.37396240234375,642.8937377929688,118.76061248779297,102.67743682861328,2955.558349609375,919.4606323242188,6592.96630859375,126.02320098876953,252.0627899169922,203.4362335205078
2021-07-31,2301.821044921875,659.3358764648438,397.5931396484375,2845.76171875,705.952392578125,3464.727783203125,71.18722534179688,538.81787109375,58.614498138427734,14038.8330078125,158.51463317871094,886.191650390625,94.5494155883789,917.2792358398438,75.21666717529297,1506.7823486328125,857.8275146484375,678.4730834960938,2355.984375,429.2626037597656,2161.240966796875,662.038330078125,947.3556518554688,1433.0548095703125,165.7720184326172,329.58306884765625,1536.885009765625,1084.2967529296875,716.8941040039062,6687.6904296875,98.51676177978516,84.38994598388672,36.65018844604492,99.21531677246094,926.0859985351562,402.1075134277344,736.6460571289062,121.58131408691406,126.23883819580078,2804.158203125,1042.45751953125,7413.390625,144.7217254638672,271.2337646484375,192.0684356689453
2021-08-31,2320.18505859375,731.4766845703125,407.16668701171875,3079.409423828125,783.229736328125,3372.671875,68.57199096679688,637.0550537109375,51.855079650878906,12998.6474609375,167.8191375732422,917.9569702148438,96.23191833496094,915.8870849609375,78.7740249633789,1466.07861328125,989.5211181640625,752.1731567382812,2337.696044921875,455.0682678222656,2523.222900390625,697.4924926757812,963.0904541015625,1518.43310546875,170.90817260742188,349.4542236328125,1604.78271484375,937.8667602539062,765.3237915039062,6603.3955078125,96.64144897460938,88.23249816894531,34.00580978393555,101.65003967285156,1027.4853515625,396.7528991699219,757.7683715820312,125.52053833007812,127.64266967773438,3352.162109375,1247.66552734375,7658.068359375,145.17718505859375,296.0866394042969,162.6068878173828
2021-09-30,2167.60205078125,721.3104858398438,387.0042419433594,3121.059814453125,763.3626708984375,3467.486572265625,72.47265625,672.716796875,63.795074462890625,14513.6494140625,174.43138122558594,952.581298828125,125.16712188720703,950.2813110351562,85.61924743652344,1631.261474609375,1070.913818359375,758.6179809570312,2414.984375,474.1631164550781,2502.567626953125,679.8381958007812,1079.0611572265625,1490.626220703125,191.00787353515625,399.629638671875,1634.29296875,931.7470703125,774.72998046875,7077.9052734375,121.53296661376953,107.41862487792969,37.20690155029297,112.02729797363281,1146.2889404296875,421.8497314453125,780.8626098632812,154.4082489013672,113.44156646728516,3342.512451171875,1189.8780517578125,7231.43359375,146.60804748535156,292.9222106933594,291.41705322265625
2021-10-31,2243.460693359375,677.4199829101562,391.4525146484375,2985.537353515625,738.9147338867188,3354.03466796875,86.43528747558594,669.8336181640625,67.34745788574219,15899.6884765625,168.57937622070312,876.552978515625,111.20329284667969,907.15478515625,80.22929382324219,1681.7301025390625,965.0844116210938,752.8628540039062,2265.438232421875,446.8084716796875,2230.2998046875,778.004150390625,1106.525146484375,1497.1488037109375,180.5334014892578,404.7408142089844,1695.4248046875,903.6459350585938,853.06640625,7217.1376953125,113.65066528320312,110.801025390625,39.0626106262207,109.16617584228516,1154.0244140625,467.6199645996094,758.6749877929688,208.43899536132812,115.82235717773438,3013.815673828125,1273.6934814453125,7466.041015625,154.9412078857422,298.7658996582031,289.2544860839844
2021-11-30,2198.272705078125,668.4756469726562,362.2483215332031,3027.478271484375,652.923828125,2931.57421875,76.01873016357422,711.7623291015625,58.12110900878906,15164.5576171875,151.0797576904297,940.717041015625,102.78443908691406,910.3965454101562,69.96145629882812,1624.421630859375,960.781005859375,710.3884887695312,2088.268798828125,401.0878601074219,2159.84423828125,692.9334106445312,856.9214477539062,1537.455810546875,178.875244140625,390.94158935546875,1693.6014404296875,865.94921875,806.03564453125,6817.236328125,109.02410888671875,109.53901672363281,34.60891342163086,121.96758270263672,1094.4857177734375,428.88055419921875,719.1665649414062,210.87060546875,94.28087615966797,3130.368408203125,1341.7294921875,7268.2451171875,172.7034149169922,294.3774108886719,311.697021484375
2021-12-31,2130.345703125,713.88134765625,365.052734375,3257.934814453125,675.7285766601562,2939.67138671875,72.64996337890625,668.3186645507812,58.17044448852539,16244.79296875,157.3883819580078,914.3734741210938,104.65713500976562,955.4019165039062,71.81002807617188,1585.1412353515625,1113.042724609375,703.6581420898438,2099.181884765625,462.1134338378906,2199.54541015625,717.9599609375,861.9193115234375,1694.64404296875,176.3678436279297,357.90313720703125,1819.4638671875,930.9148559570312,807.62744140625,7163.17138671875,106.58231353759766,109.77024841308594,34.60891342163086,124.8100814819336,1077.5367431640625,428.7874755859375,807.058349609375,214.90708923339844,97.82344055175781,3315.93017578125,1558.5545654296875,7422.04248046875,180.7257537841797,330.4556579589844,308.3330383300781
2022-01-31,2197.6474609375,700.1961059570312,353.1098937988281,3035.760009765625,769.835693359375,3225.02099609375,95.34477233886719,712.7885131835938,57.23301315307617,15507.2685546875,162.12493896484375,915.2451782226562,114.51016998291016,837.7630004882812,80.20267486572266,1687.9835205078125,935.463134765625,706.6546020507812,2322.733154296875,475.23199462890625,2119.02490234375,765.1514282226562,846.3433227539062,1558.596435546875,178.1068572998047,370.0883483886719,1832.2276611328125,889.1546020507812,854.5617065429688,8292.5126953125,121.7043228149414,133.0502166748047,38.55228805541992,131.52682495117188,1085.9317626953125,501.28411865234375,796.3701171875,239.3206329345703,95.54387664794922,3319.890625,1287.3712158203125,7055.73388671875,170.42355346679688,264.9429626464844,278.2975158691406
2022-02-28,2008.6251220703125,691.593994140625,303.88824462890625,3057.33203125,739.3131103515625,3193.9892578125,94.458251953125,670.9575805664062,49.1907844543457,14770.91796875,144.75865173339844,895.92333984375,125.2398681640625,791.1514892578125,80.50836181640625,1561.9344482421875,958.9049682617188,678.3779907226562,2209.509521484375,557.538818359375,2024.2919921875,720.4335327148438,893.5079345703125,1540.10400390625,178.7817840576172,367.1989440917969,1743.505126953125,730.2896118164062,762.9601440429688,8019.40185546875,117.7148208618164,125.14277648925781,32.38207244873047,131.25889587402344,1073.6234130859375,449.9730224609375,811.695556640625,216.94967651367188,107.44338989257812,3158.1279296875,1227.31103515625,6421.6728515625,201.43612670898438,257.16961669921875,220.34088134765625
2022-03-31,2068.427734375,756.79443359375,295.53887939453125,2966.132080078125,757.9851684570312,3304.953369140625,98.9351577758789,737.85791015625,48.69739532470703,13541.9775390625,148.7107696533203,985.9950561523438,135.21177673339844,836.3319702148438,89.46768951416016,1625.93603515625,990.2174682617188,699.3536376953125,1999.2291259765625,553.4088745117188,1909.2425537109375,708.4052734375,907.7738037109375,1711.7901611328125,207.60552978515625,349.4841613769531,1696.3843994140625,731.464599609375,778.1065063476562,7293.24072265625,119.03746032714844,127.67443084716797,32.521244049072266,136.0599365234375,1198.8428955078125,459.6113586425781,879.8416137695312,232.12301635742188,115.05223083496094,3323.17822265625,1305.171142578125,6455.30615234375,221.18527221679688,273.8731994628906,277.1441650390625
2022-04-30,2301.183837890625,837.1464233398438,367.584228515625,3117.57080078125,725.5704345703125,3374.2099609375,100.08763122558594,722.2689819335938,51.95376205444336,13591.779296875,150.05572509765625,950.3053588867188,135.0640411376953,804.498291015625,91.4794921875,1653.588623046875,933.6571655273438,658.5676879882812,2184.41162109375,469.0128173828125,2082.771728515625,721.0155029296875,949.6494750976562,1407.19873046875,214.97711181640625,356.8370666503906,1626.039794921875,729.1146850585938,889.5816040039062,7444.1923828125,137.73074340820312,124.98698425292969,32.5676383972168,142.9319305419922,1269.597412109375,462.1722106933594,893.2113037109375,235.72183227539062,111.87052154541016,3151.46337890625,1095.8756103515625,6482.63427734375,223.92715454101562,237.3825225830078,238.5063934326172
2022-05-31,2172.23681640625,723.2166748046875,364.8189392089844,2753.972900390625,682.3510131835938,3495.9404296875,88.87320709228516,684.3473510742188,50.5229377746582,13719.1484375,134.99221801757812,961.6853637695312,142.487548828125,850.7788696289062,84.6106185913086,1395.9208984375,900.350830078125,668.3179321289062,2417.3056640625,410.6109313964844,2193.11474609375,730.2791748046875,903.358154296875,1364.0850830078125,229.63661193847656,368.01593017578125,1587.7962646484375,605.6943359375,997.873046875,7683.931640625,137.55438232421875,117.82037353515625,29.08818817138672,146.16400146484375,1197.887451171875,442.71429443359375,827.7581787109375,228.71873474121094,92.9122543334961,3009.571533203125,1027.3291015625,5947.17724609375,190.80519104003906,223.03599548339844,243.02374267578125
2022-06-30,2096.69677734375,656.94091796875,358.498291015625,2610.55810546875,634.152099609375,3479.395751953125,88.94660949707031,669.4426879882812,44.35558319091797,14283.955078125,127.6259994506836,888.3204956054688,137.09536743164062,855.4808959960938,77.71302032470703,1290.537841796875,841.9566650390625,648.6141357421875,2370.07373046875,329.08148193359375,2097.1650390625,685.997802734375,770.8895874023438,1326.2545166015625,232.05477905273438,331.0021057128906,1495.4268798828125,598.2040405273438,1054.5994873046875,8170.44873046875,126.00332641601562,118.0540771484375,27.499317169189453,132.9847412109375,1181.052001953125,440.6335754394531,798.9029541015625,198.24398803710938,80.43057250976562,2922.576416015625,870.4334106445312,5482.45947265625,132.5944366455078,194.1096649169922,205.77964782714844
2022-07-31,2200.891845703125,751.7021484375,370.1519470214844,3229.05419921875,722.8350830078125,3674.505126953125,106.16061401367188,662.6011352539062,53.13788604736328,16261.6826171875,136.6889190673828,946.625,156.0419921875,801.8580932617188,84.26573944091797,1537.017578125,829.6746215820312,690.0908203125,2486.857421875,403.3228454589844,2479.6298828125,794.0579223632812,1012.6812133789062,1405.90771484375,257.1268615722656,360.74273681640625,1757.3760986328125,634.5856323242188,1134.8795166015625,8462.5146484375,134.8650360107422,104.49986267089844,29.727710723876953,134.27130126953125,1141.829833984375,499.6968078613281,907.2061157226562,217.55856323242188,99.8134994506836,2961.503173828125,939.7454223632812,6399.08642578125,163.56793212890625,197.67881774902344,237.4010772705078
2022-08-31,2272.3310546875,828.919677734375,406.14990234375,3285.087890625,749.514404296875,3834.460205078125,119.49348449707031,713.3060913085938,58.02242660522461,16664.759765625,138.39883422851562,1010.6387939453125,175.8368682861328,832.1849975585938,78.76763916015625,1650.496826171875,821.4075927734375,715.0633544921875,2504.1982421875,430.50897216796875,2500.737060546875,865.8633422851562,1083.40478515625,1354.42333984375,271.93255615234375,381.9154052734375,1868.618408203125,659.21630859375,1275.4664306640625,8817.9482421875,147.38229370117188,110.53882598876953,33.994842529296875,145.50811767578125,1204.2152099609375,502.4395751953125,861.7899780273438,232.31411743164062,100.46284484863281,2880.10888671875,964.3446044921875,6566.6552734375,173.82708740234375,192.9432830810547,247.0605010986328
2022-09-30,2386.9013671875,807.7575073242188,509.2057800292969,3237.481201171875,731.2627563476562,3311.5087890625,120.90895080566406,785.2650146484375,59.48496627807617,15025.65234375,128.3552703857422,1085.090087890625,158.94964599609375,849.9556884765625,75.57006072998047,1646.7603759765625,815.6337280273438,683.9077758789062,2249.6044921875,382.9960632324219,2535.147705078125,841.1746215820312,1159.4666748046875,1282.300048828125,281.8595275878906,362.72442626953125,1795.914794921875,669.8074951171875,1235.9949951171875,8571.2431640625,143.47305297851562,101.12788391113281,34.65862274169922,134.4809112548828,1085.434814453125,501.82476806640625,915.4437255859375,212.2642059326172,92.11412811279297,2694.80712890625,903.8546752929688,6150.9443359375,173.6984405517578,183.9387969970703,250.81910705566406
2022-10-31,2361.853515625,810.6118774414062,526.3406982421875,3014.447265625,903.6062622070312,3446.77587890625,134.8810577392578,816.7777709960938,73.53692626953125,15665.7802734375,127.8709945678711,1136.1353759765625,184.18687438964844,869.1672973632812,79.25958251953125,1692.82470703125,919.928955078125,720.1637573242188,2362.25244140625,397.80401611328125,2398.116455078125,886.746337890625,1117.840576171875,1410.220947265625,295.8592224121094,379.2237243652344,1966.39892578125,688.6746826171875,1314.353271484375,9250.337890625,155.56019592285156,106.91004180908203,40.442962646484375,144.58921813964844,1163.8837890625,542.6820068359375,981.3047485351562,221.57833862304688,94.20130920410156,2871.376220703125,952.963623046875,6603.1376953125,180.61294555664062,180.34632873535156,254.99700927734375
2022-11-30,2532.7451171875,867.1593627929688,563.6719360351562,3079.873779296875,898.8687744140625,3520.79248046875,151.82107543945312,833.2213134765625,83.12006378173828,16155.841796875,143.6627197265625,1109.1285400390625,181.17652893066406,879.6453857421875,82.25460052490234,1730.236572265625,990.305419921875,773.9342041015625,2516.72900390625,441.9826965332031,2540.705078125,929.8785400390625,1142.444580078125,1499.45751953125,288.47760009765625,388.2160339355469,2016.6986083984375,754.7835083007812,1272.4451904296875,8712.994140625,154.75140380859375,118.15930938720703,48.64533996582031,145.35446166992188,1246.8519287109375,569.7782592773438,1009.4344482421875,220.40182495117188,99.8598861694336,3049.10986328125,981.928466796875,6959.15869140625,207.45069885253906,189.8406982421875,257.0859375
2022-12-31,2412.542724609375,805.2474365234375,517.6004028320312,2995.24169921875,931.2828369140625,3394.396240234375,169.5830078125,791.3516235351562,78.6512451171875,16402.67578125,139.17788696289062,1047.134521484375,179.4225311279297,830.7147216796875,83.38316345214844,1694.5947265625,918.2946166992188,783.413330078125,2416.965576171875,464.194580078125,2424.003173828125,869.3275146484375,1193.60888671875,1383.21142578125,281.30804443359375,364.3294982910156,2027.3416748046875,722.8621215820312,1217.4774169921875,8150.3095703125,149.58401489257812,122.89069366455078,53.528846740722656,138.6707305908203,1162.7880859375,580.418212890625,966.3473510742188,203.63638305664062,104.49805450439453,2928.5224609375,926.6777954101562,6843.17236328125,210.2112274169922,183.2389678955078,233.2331085205078
2023-01-31,1944.8753662109375,603.025146484375,396.224609375,2644.0556640625,869.297119140625,3584.201904296875,153.2822265625,756.20654296875,77.8567886352539,16178.83203125,144.5470733642578,990.6879272460938,179.26312255859375,847.6915283203125,82.60184478759766,1563.5301513671875,1000.5144653320312,771.5524291992188,2438.498046875,459.34033203125,2438.86279296875,811.8018188476562,1059.436767578125,1406.6441650390625,298.9560852050781,345.1385498046875,2064.859619140625,726.4088745117188,1343.7376708984375,8636.4384765625,153.8077850341797,121.34146881103516,50.77891159057617,140.58502197265625,1074.5245361328125,523.48291015625,998.2886352539062,208.73464965820312,111.03787231445312,3088.895263671875,925.4013671875,6967.56591796875,226.57012939453125,186.54330444335938,220.359375
2023-02-28,1711.0911865234375,583.1425170898438,337.85748291015625,2743.91650390625,841.8697509765625,3436.77880859375,145.2003173828125,728.6697998046875,69.31637573242188,17285.30078125,133.64024353027344,882.1253662109375,175.93319702148438,846.21142578125,89.1127700805664,1552.0755615234375,960.7506103515625,769.6759033203125,2190.48388671875,391.4787902832031,2328.975341796875,834.1973266601562,1054.30078125,1364.27294921875,324.8540954589844,344.78961181640625,2050.037353515625,649.5118408203125,1237.3592529296875,8373.373046875,157.22732543945312,130.7097930908203,45.84799575805664,147.6226806640625,1060.2362060546875,494.44781494140625,930.0464477539062,198.58714294433594,96.42762756347656,3046.72900390625,1003.1259155273438,7140.39013671875,190.1812286376953,181.02439880371094,190.04539489746094
2023-03-31,1647.358642578125,621.9727172851562,361.01666259765625,2678.78125,856.231689453125,3646.625732421875,154.19544982910156,735.29638671875,69.56463623046875,18604.6875,144.9892120361328,876.38330078125,174.5038299560547,906.2279663085938,94.7342300415039,1605.3173828125,967.5711059570312,774.4635009765625,2125.5146484375,397.50982666015625,2423.340576171875,856.0560913085938,1044.762451171875,1309.612060546875,330.71820068359375,345.5074157714844,2103.544189453125,638.8221435546875,1129.275634765625,8050.84130859375,161.46923828125,129.8501434326172,44.18855285644531,149.9142303466797,1064.116455078125,495.3463134765625,955.8108520507812,186.5277862548828,96.93783569335938,2948.369873046875,1004.584716796875,7495.2314453125,194.50437927246094,170.82847595214844,206.22256469726562
2023-04-30,1741.8704833984375,670.5966186523438,391.58282470703125,2815.25927734375,857.7277221679688,4160.2841796875,171.45510864257812,784.6759643554688,77.8567886352539,18606.556640625,150.5900421142578,883.7310791015625,190.39007568359375,966.4307861328125,96.6712646484375,1691.4483642578125,964.9279174804688,812.0186767578125,2316.80029296875,427.6650695800781,2325.804931640625,895.4801025390625,1127.770263671875,1148.931396484375,366.9807434082031,386.4215393066406,2298.133056640625,699.0195922851562,1195.7437744140625,8339.5859375,158.610595703125,136.641357421875,49.546180725097656,157.58596801757812,1104.9500732421875,546.9379272460938,960.234619140625,197.16552734375,100.13817596435547,2960.647216796875,933.3334350585938,7430.37939453125,213.2489776611328,180.0655975341797,191.16273498535156
2023-05-31,1756.049560546875,727.2424926757812,418.3467712402344,3097.139404296875,912.4328002929688,4287.19677734375,168.9437713623047,834.3502807617188,81.33253479003906,17834.849609375,153.07461547851562,927.5259399414062,197.04681396484375,882.370361328125,94.41889953613281,1689.531005859375,1038.3790283203125,783.977783203125,2499.076904296875,398.0491943359375,2524.803955078125,926.2191162109375,1258.6650390625,1209.049072265625,392.81439208984375,401.634765625,2143.83251953125,792.6162109375,1285.5048828125,9095.091796875,160.31655883789062,133.1597900390625,49.1668815612793,155.32760620117188,1127.5009765625,559.060791015625,948.2760009765625,209.3719482421875,98.14376068115234,3025.254150390625,1017.0752563476562,7739.00341796875,226.39198303222656,188.7882537841797,189.51100158691406
2023-06-30,1792.115234375,727.6362915039062,420.6182556152344,3282.882568359375,984.8410034179688,4538.69921875,179.0113525390625,862.67236328125,87.04269409179688,18290.076171875,153.5799560546875,987.7681884765625,188.67486572265625,1011.47021484375,94.64413452148438,1705.5576171875,1077.235595703125,828.047119140625,2635.08203125,412.8081359863281,2555.53955078125,912.0205688476562,1359.5565185546875,1241.2862548828125,398.1930236816406,368.17767333984375,2406.168212890625,889.4149169921875,1416.6868896484375,9504.1787109375,174.42552185058594,137.80191040039062,49.6095085144043,169.47547912597656,1164.1805419921875,552.3117065429688,1022.409423828125,219.53524780273438,107.28604888916016,3059.56640625,1031.0247802734375,8156.63134765625,226.10728454589844,182.00657653808594,172.31365966796875
2023-07-31,2004.068603515625,770.7769165039062,459.9228515625,3297.822509765625,952.3505249023438,4770.73486328125,190.1554718017578,873.6184692382812,103.32907104492188,18491.513671875,158.97021484375,1152.8062744140625,187.2454833984375,1114.38134765625,107.3023910522461,1818.4322509765625,1021.362548828125,803.615478515625,2933.575439453125,453.65252685546875,2443.56201171875,974.1817016601562,1402.1832275390625,1260.061279296875,410.6255187988281,370.1715087890625,2606.2001953125,975.0839233398438,1452.804931640625,9534.9580078125,201.3524627685547,152.20103454589844,59.40654754638672,176.71546936035156,1260.8065185546875,597.9641723632812,1115.593017578125,234.2303009033203,117.96675872802734,3178.249755859375,1043.685302734375,8217.02734375,224.52098083496094,189.4430389404297,235.46780395507812
2023-08-31,1992.0018310546875,784.9964599609375,425.55279541015625,3179.42724609375,971.9186401367188,4463.482421875,176.001953125,844.5932006835938,120.89419555664062,18105.068359375,145.00950622558594,1233.8460693359375,191.19105529785156,1107.940673828125,103.60852813720703,1770.587158203125,1072.07861328125,764.80224609375,2670.08740234375,453.9002380371094,2390.364501953125,943.2882690429688,1363.01806640625,1334.185302734375,387.7003173828125,350.96026611328125,2656.841552734375,1086.301513671875,1551.48388671875,9804.0810546875,205.99322509765625,150.13037109375,60.51111602783203,165.60733032226562,1194.65771484375,541.2239990234375,1084.5662841796875,242.54266357421875,117.72727966308594,3118.1953125,1124.569580078125,8196.578125,188.97183227539062,191.0098419189453,254.75411987304688
2023-09-30,1998.457275390625,817.6468505859375,421.9767150878906,3086.614990234375,1035.0159912109375,4898.72509765625,201.20555114746094,913.628173828125,130.61558532714844,18539.666015625,147.5856475830078,1163.74560546875,245.3362579345703,1103.8214111328125,112.07740020751953,1920.315185546875,1129.3798828125,742.8284301757812,2799.473388671875,486.2758483886719,2352.720703125,936.5487670898438,1413.161376953125,1334.185302734375,391.844482421875,346.3606262207031,2972.24755859375,1158.929443359375,1530.655029296875,10398.7666015625,229.6034393310547,165.38906860351562,77.03160858154297,180.3588104248047,1163.8856201171875,577.09033203125,1130.47216796875,259.56317138671875,123.47473907470703,3277.783203125,1144.077392578125,8154.49560546875,181.04037475585938,189.91075134277344,257.037353515625
2023-10-31,1875.257568359375,777.6141967773438,421.6290588378906,2925.158935546875,980.2550659179688,5140.91796875,184.51287841796875,901.7936401367188,120.49536895751953,18960.03125,148.71405029296875,1177.333984375,261.1684265136719,1060.4647216796875,107.66277313232422,1865.2484130859375,1178.218505859375,718.591552734375,2827.951416015625,453.5547790527344,2370.27783203125,900.5881958007812,1425.4747314453125,1288.3280029296875,377.73663330078125,347.0989685058594,2879.350830078125,1116.2828369140625,1436.45703125,10184.8251953125,220.48663330078125,160.47525024414062,70.11605834960938,182.52584838867188,1135.5452880859375,545.2734985351562,1062.125732421875,236.8526611328125,113.75194549560547,3137.392578125,1060.198974609375,8319.861328125,176.20016479492188,178.56893920898438,251.8393096923828
2023-11-30,1862.6943359375,817.99365234375,436.3306884765625,3051.752197265625,1072.5050048828125,5892.11962890625,185.35926818847656,1000.7107543945312,169.94981384277344,21054.404296875,185.5253143310547,1189.4017333984375,297.3975524902344,1143.5625,118.83445739746094,1982.648193359375,1238.1451416015625,758.6456909179688,3497.04150390625,508.978271484375,2446.825439453125,919.8721313476562,1450.0023193359375,1370.001708984375,384.26153564453125,350.3017578125,3056.444091796875,1267.426025390625,1622.735595703125,10396.9052734375,246.69000244140625,173.0919952392578,74.5343246459961,192.32644653320312,1179.9913330078125,544.502197265625,1196.0377197265625,265.1047668457031,122.51683807373047,3248.080322265625,1154.6617431640625,8894.193359375,189.82598876953125,193.18466186523438,245.91253662109375
2023-12-31,2196.09326171875,1015.0354614257812,517.4380493164062,3328.081787109375,1100.5093994140625,6575.79541015625,217.33396911621094,1017.969482421875,192.98202514648438,21643.404296875,200.95689392089844,1222.759521484375,326.8200378417969,1145.48876953125,146.04296875,2110.527587890625,1353.750732421875,831.8675537109375,3790.517822265625,606.8947143554688,2560.633056640625,980.5278930664062,1581.3936767578125,1452.616943359375,407.4512939453125,380.76318359375,3466.172119140625,1309.03369140625,1703.1461181640625,10096.6708984375,293.75274658203125,182.0595703125,91.96729278564453,218.32894897460938,1282.9791259765625,619.03076171875,1228.8206787109375,328.68438720703125,133.72439575195312,3532.87841796875,1203.5548095703125,10375.3642578125,219.55419921875,220.42837524414062,266.8991394042969
2024-01-31,2526.860595703125,1196.668701171875,556.5761108398438,2893.241943359375,1066.015625,7417.7412109375,232.8511199951172,1154.56005859375,227.5802001953125,22973.3203125,224.01129150390625,1325.48193359375,353.0264892578125,1209.3531494140625,155.5028839111328,2158.820556640625,1466.4552001953125,711.80224609375,4231.87744140625,571.8540649414062,2385.30712890625,1011.569091796875,1517.206298828125,1563.7122802734375,389.3315734863281,364.2303771972656,3420.70703125,1489.514892578125,1626.4779052734375,9983.5263671875,299.7477111816406,223.9674530029297,109.88050079345703,238.6707305908203,1416.1434326171875,617.5363159179688,1383.953857421875,385.68341064453125,130.22802734375,3578.63818359375,1261.2431640625,10043.74609375,232.54656982421875,224.10903930664062,168.18435668945312
2024-02-29,2611.27783203125,1308.4925537109375,601.8731689453125,2760.26171875,1073.353515625,7651.66357421875,249.63784790039062,1107.8629150390625,226.88226318359375,28071.56640625,269.2728271484375,1452.388671875,383.9532470703125,1269.2364501953125,169.32521057128906,2175.0986328125,1548.1986083984375,683.0147705078125,4142.095703125,497.3309326171875,2318.7431640625,1035.231201171875,1458.705810546875,1575.9515380859375,363.7175598144531,337.1313781738281,3418.544189453125,1603.9979248046875,1903.064453125,11062.9853515625,319.9293212890625,238.3712158203125,117.03617858886719,264.6999816894531,1450.0675048828125,721.278564453125,1548.35107421875,367.8712158203125,134.92178344726562,3840.428466796875,1204.689697265625,9772.1396484375,227.62135314941406,243.06796264648438,156.37936401367188
2024-03-31,2474.62109375,1329.6484375,608.2801513671875,2784.568603515625,1045.498779296875,8850.103515625,248.3212127685547,1211.6617431640625,246.57431030273438,29485.85546875,268.62628173828125,1468.6751708984375,381.6672668457031,1216.61376953125,168.2103271484375,2270.28515625,1436.2606201171875,704.6723022460938,4418.890625,553.001220703125,2176.53125,1075.66845703125,1535.9482421875,1410.391357421875,383.4566650390625,356.2982482910156,3700.035400390625,1599.7926025390625,1892.1820068359375,12348.79296875,320.1199645996094,241.4792022705078,119.48544311523438,259.1318054199219,1474.933349609375,725.3761596679688,1590.152099609375,390.08697509765625,149.29046630859375,3635.2353515625,1180.3377685546875,9630.6298828125,230.6783905029297,225.0230255126953,134.61549377441406
2024-04-30,2514.446044921875,1312.8525390625,615.7800903320312,2813.081787109375,1164.0062255859375,8613.5693359375,264.7317810058594,1304.070068359375,280.87335205078125,28822.869140625,270.8336181640625,1373.556396484375,399.4273681640625,1225.7811279296875,194.27108764648438,2393.710205078125,1271.610107421875,739.8109741210938,4251.15673828125,636.0625,2143.94580078125,1131.8475341796875,1499.0577392578125,1337.42626953125,389.9915466308594,324.060791015625,3533.313232421875,1628.58642578125,2123.614501953125,12561.6083984375,346.24053955078125,254.8121337890625,135.47767639160156,282.4808044433594,1456.221923828125,796.6266479492188,1473.9239501953125,444.5625915527344,158.05532836914062,3583.046142578125,1194.9017333984375,9850.6220703125,337.8443298339844,216.72703552246094,142.77694702148438
2024-05-31,2528.94580078125,1424.32958984375,629.8359985351562,2818.26611328125,1160.26220703125,8788.7685546875,249.12059020996094,1353.824462890625,298.02288818359375,29841.720703125,279.9527587890625,1419.86474609375,431.8704528808594,1144.29345703125,189.81149291992188,2299.019775390625,1248.6043701171875,755.5620727539062,4790.66357421875,680.4308471679688,2238.721923828125,1102.970947265625,1445.799072265625,1351.0770263671875,381.7557373046875,335.3254089355469,3607.040771484375,1565.9029541015625,2468.202880859375,12151.7568359375,342.2366943359375,238.14598083496094,124.33592987060547,290.1078186035156,1419.8907470703125,814.005126953125,1432.41748046875,432.1929931640625,160.16273498535156,3467.677978515625,1161.7545166015625,9794.9580078125,391.2330017089844,205.38449096679688,144.67156982421875
2024-06-30,2608.5205078125,1470.943603515625,667.8053588867188,2880.940673828125,1263.1947021484375,9266.79296875,266.2251281738281,1424.1416015625,299.9671630859375,33465.3359375,271.0788879394531,1452.8302001953125,416.00054931640625,1264.9097900390625,203.97998046875,2650.584716796875,1376.378662109375,830.671875,5221.1083984375,684.5765380859375,2400.29638671875,1180.2540283203125,1464.5,1504.5843505859375,387.3793640136719,359.69061279296875,3515.66162109375,1604.294677734375,2823.13134765625,11793.6025390625,360.6831359863281,247.01962280273438,119.78890228271484,309.7135009765625,1553.89892578125,832.239013671875,1492.322265625,436.0028381347656,170.04446411132812,3687.964599609375,1352.69287109375,11526.0537109375,394.7105712890625,241.31033325195312,147.4794921875
2024-07-31,2580.234375,1562.2991943359375,677.4700317382812,3046.2685546875,1165.104248046875,9425.3251953125,245.19972229003906,1470.98681640625,314.32489013671875,34510.0546875,312.19329833984375,1515.130859375,459.1260986328125,1341.5914306640625,223.88092041015625,2756.09423828125,1560.8206787109375,797.1006469726562,5135.81494140625,660.9363403320312,2626.0537109375,1195.3074951171875,1427.800048828125,1794.1214599609375,451.6082763671875,361.16357421875,3779.748779296875,1900.0325927734375,2884.624755859375,12853.9521484375,396.5750732421875,301.0720520019531,120.45946502685547,325.85662841796875,1494.364501953125,855.2274169921875,1692.4488525390625,450.9460144042969,161.56227111816406,4152.14111328125,1497.2420654296875,11812.3251953125,391.8850402832031,244.6615753173828,144.44808959960938
2024-08-31,2319.785888671875,1474.7252197265625,614.7993774414062,3088.09423828125,1174.2464599609375,10622.337890625,241.76800537109375,1575.8758544921875,289.94073486328125,31955.873046875,329.1885986328125,1637.40869140625,466.16217041015625,1397.407470703125,220.83352661132812,2689.06787109375,1665.9620361328125,807.5346069335938,5142.3662109375,696.2440795898438,2696.275390625,1219.7879638671875,1425.25,1866.5777587890625,457.5798645019531,355.7498474121094,3670.41845703125,2226.35302734375,2783.040771484375,12270.1953125,399.89752197265625,300.2784729003906,113.28729248046875,318.3749084472656,1503.6197509765625,799.5454711914062,1793.148193359375,432.10687255859375,149.2787322998047,4311.58544921875,1576.322998046875,11230.7119140625,410.9418640136719,252.3482666015625,136.78216552734375
2024-09-30,2503.344970703125,1441.1883544921875,630.2428588867188,3287.89013671875,1231.1478271484375,12040.7890625,239.54461669921875,1695.3768310546875,279.113525390625,37174.34375,340.5097961425781,1636.6170654296875,453.0195617675781,1341.8099365234375,223.2491455078125,2785.417236328125,1706.678466796875,854.47509765625,5384.619140625,750.6947631835938,2871.271240234375,1263.252685546875,1447.5999755859375,1801.179931640625,472.3949279785156,370.3630065917969,3641.58740234375,2177.556640625,3070.2333984375,13096.25390625,425.83990478515625,270.18255615234375,104.19087982177734,332.9537353515625,1470.701171875,772.3907470703125,1896.5545654296875,479.7763366699219,164.70889282226562,4041.50439453125,1519.20361328125,11727.662109375,470.1457824707031,253.77780151367188,133.7896270751953
2024-10-31,2311.071044921875,1369.2880859375,578.4325561523438,2899.310302734375,1158.5599365234375,9593.1708984375,242.59934997558594,1599.2305908203125,238.49884033203125,34651.29296875,286.0208740234375,1535.348876953125,401.426025390625,1266.169677734375,185.80714416503906,2686.07861328125,1689.1190185546875,856.2756958007812,4703.24658203125,681.0554809570312,2453.87255859375,1282.355224609375,1055.5999755859375,1706.740234375,445.6366882324219,345.8212890625,3588.829345703125,2173.43212890625,2706.803466796875,10957.849609375,394.57757568359375,241.6299591064453,95.14305877685547,302.7109069824219,1326.7510986328125,804.054931640625,1819.9718017578125,437.47528076171875,145.1744384765625,3766.57763671875,1563.4151611328125,10995.9501953125,425.5751953125,258.62884521484375,118.68121337890625
2024-11-30,2213.614501953125,1184.288330078125,529.5614624023438,2453.103271484375,1135.3297119140625,8810.361328125,238.19125366210938,1613.6600341796875,250.56349182128906,34497.96875,268.8550109863281,1517.6875,383.38983154296875,1194.722900390625,185.3147430419922,2596.80322265625,1767.5472412109375,886.04833984375,4488.47119140625,651.4227905273438,2450.906494140625,1290.1451416015625,995.8499755859375,1804.448486328125,434.6507568359375,352.6434020996094,3690.38232421875,2038.0740966796875,2942.460205078125,10955.623046875,351.557373046875,238.76614379882812,101.94593048095703,315.28759765625,1287.0595703125,822.4358520507812,1753.035888671875,411.726806640625,141.2460479736328,4053.594482421875,1664.150634765625,11131.5908203125,415.89990234375,270.8384704589844,126.5049057006836
2024-12-31,2044.2481689453125,1225.139404296875,533.8457641601562,2256.971923828125,1063.790771484375,8581.1201171875,232.53614807128906,1574.586669921875,228.91896057128906,33643.56640625,269.1771545410156,1512.83935546875,353.69647216796875,1379.7493896484375,177.4361114501953,2433.84619140625,1833.8760986328125,874.60302734375,3921.862548828125,598.0640869140625,2284.67529296875,1271.83642578125,960.1500244140625,1825.9617919921875,440.9414367675781,356.7986145019531,3574.314697265625,2341.13916015625,2983.13330078125,10742.1337890625,322.2650146484375,222.53521728515625,99.88562774658203,295.4744567871094,1210.6148681640625,779.3019409179688,1856.8358154296875,390.10406494140625,134.90396118164062,3886.50048828125,1658.22216796875,11354.3779296875,415.0558166503906,282.9543762207031,118.79668426513672
