Date,Risk_Free_Rate
2015-01-02,0.00014999999664723872
2015-01-05,3.0000000260770322e-05
2015-01-06,0.00019999999552965163
2015-01-07,0.00019999999552965163
2015-01-08,0.00017999999225139617
2015-01-09,0.00014999999664723872
2015-01-12,0.00013000000268220902
2015-01-13,0.00023000000044703483
2015-01-14,0.0002500000037252903
2015-01-15,0.00023000000044703483
2015-01-16,0.00017999999225139617
2015-01-20,8.000000379979611e-05
2015-01-21,0.00019999999552965163
2015-01-22,0.00014999999664723872
2015-01-23,0.00013000000268220902
2015-01-26,4.999999888241291e-05
2015-01-27,0.00017999999225139617
2015-01-28,0.00014999999664723872
2015-01-29,9.999999776482581e-05
2015-01-30,4.999999888241291e-05
2015-02-02,4.999999888241291e-05
2015-02-03,0.00014999999664723872
2015-02-04,4.999999888241291e-05
2015-02-05,8.000000379979611e-05
2015-02-06,0.00014999999664723872
2015-02-09,3.0000000260770322e-05
2015-02-10,4.999999888241291e-05
2015-02-11,4.999999888241291e-05
2015-02-12,8.000000379979611e-05
2015-02-13,4.999999888241291e-05
2015-02-17,8.000000379979611e-05
2015-02-18,0.00013000000268220902
2015-02-19,0.00013000000268220902
2015-02-20,9.999999776482581e-05
2015-02-23,0.00014999999664723872
2015-02-24,0.00017999999225139617
2015-02-25,0.00014999999664723872
2015-02-26,0.00013000000268220902
2015-02-27,8.000000379979611e-05
2015-03-02,4.999999888241291e-05
2015-03-03,0.00013000000268220902
2015-03-04,9.999999776482581e-05
2015-03-05,3.0000000260770322e-05
2015-03-06,4.999999888241291e-05
2015-03-09,4.999999888241291e-05
2015-03-10,9.999999776482581e-05
2015-03-11,0.00013000000268220902
2015-03-12,0.00017999999225139617
2015-03-13,0.00023000000044703483
2015-03-16,0.00029999999329447744
2015-03-17,0.00048000000417232515
2015-03-18,0.0003799999877810478
2015-03-19,9.999999776482581e-05
2015-03-20,3.0000000260770322e-05
2015-03-23,3.0000000260770322e-05
2015-03-24,0.00014999999664723872
2015-03-25,0.00017999999225139617
2015-03-26,0.00028000000864267347
2015-03-27,0.00029999999329447744
2015-03-30,0.00023000000044703483
2015-03-31,0.0002500000037252903
2015-04-01,0.00032999999821186065
2015-04-02,9.999999776482581e-05
2015-04-06,3.0000000260770322e-05
2015-04-07,0.00014999999664723872
2015-04-08,0.00017999999225139617
2015-04-09,0.00019999999552965163
2015-04-10,0.00014999999664723872
2015-04-13,4.999999888241291e-05
2015-04-14,9.999999776482581e-05
2015-04-15,0.00014999999664723872
2015-04-16,9.999999776482581e-05
2015-04-17,0.00013000000268220902
2015-04-20,0.00013000000268220902
2015-04-21,0.00019999999552965163
2015-04-22,0.00019999999552965163
2015-04-23,0.00019999999552965163
2015-04-24,0.00014999999664723872
2015-04-27,0.00013000000268220902
2015-04-28,0.00013000000268220902
2015-04-29,3.0000000260770322e-05
2015-04-30,4.999999888241291e-05
2015-05-01,3.0000000260770322e-05
2015-05-04,3.0000000260770322e-05
2015-05-05,8.000000379979611e-05
2015-05-06,9.999999776482581e-05
2015-05-07,4.999999888241291e-05
2015-05-08,3.0000000260770322e-05
2015-05-11,4.999999888241291e-05
2015-05-12,0.00013000000268220902
2015-05-13,9.999999776482581e-05
2015-05-14,9.999999776482581e-05
2015-05-15,9.999999776482581e-05
2015-05-18,8.000000379979611e-05
2015-05-19,9.999999776482581e-05
2015-05-20,0.00013000000268220902
2015-05-21,0.00013000000268220902
2015-05-22,9.999999776482581e-05
2015-05-26,9.999999776482581e-05
2015-05-27,0.00013000000268220902
2015-05-28,3.0000000260770322e-05
2015-05-29,3.0000000260770322e-05
2015-06-01,8.000000379979611e-05
2015-06-02,9.999999776482581e-05
2015-06-03,9.999999776482581e-05
2015-06-04,4.999999888241291e-05
2015-06-05,9.999999776482581e-05
2015-06-08,9.999999776482581e-05
2015-06-09,0.00013000000268220902
2015-06-10,0.00013000000268220902
2015-06-11,8.000000379979611e-05
2015-06-12,4.999999888241291e-05
2015-06-15,3.0000000260770322e-05
2015-06-16,8.000000379979611e-05
2015-06-17,3.0000000260770322e-05
2015-06-18,3.0000000260770322e-05
2015-06-19,3.0000000260770322e-05
2015-06-22,3.0000000260770322e-05
2015-06-23,8.000000379979611e-05
2015-06-24,4.999999888241291e-05
2015-06-25,4.999999888241291e-05
2015-06-26,4.999999888241291e-05
2015-06-29,4.999999888241291e-05
2015-06-30,9.999999776482581e-05
2015-07-01,3.0000000260770322e-05
2015-07-02,3.0000000260770322e-05
2015-07-06,4.999999888241291e-05
2015-07-07,9.999999776482581e-05
2015-07-08,9.999999776482581e-05
2015-07-09,8.000000379979611e-05
2015-07-10,8.000000379979611e-05
2015-07-13,8.000000379979611e-05
2015-07-14,9.999999776482581e-05
2015-07-15,0.00013000000268220902
2015-07-16,9.999999776482581e-05
2015-07-17,0.00013000000268220902
2015-07-20,0.00023000000044703483
2015-07-21,0.00029999999329447744
2015-07-22,0.00029999999329447744
2015-07-23,0.00029999999329447744
2015-07-24,0.00029999999329447744
2015-07-27,0.00028000000864267347
2015-07-28,0.00043000001460313797
2015-07-29,0.00045000001788139346
2015-07-30,0.0005999999865889549
2015-07-31,0.0005799999833106995
2015-08-03,0.0006300000101327896
2015-08-04,0.0007500000298023224
2015-08-05,0.0007500000298023224
2015-08-06,0.00028000000864267347
2015-08-07,0.0005499999970197678
2015-08-10,0.0006499999761581421
2015-08-11,0.0009799999743700027
2015-08-12,0.0009000000357627869
2015-08-13,0.0008299999684095383
2015-08-14,0.0007999999821186065
2015-08-17,0.0005999999865889549
2015-08-18,0.0008500000089406968
2015-08-19,0.00039999999105930326
2015-08-20,0.00014999999664723872
2015-08-21,0.00019999999552965163
2015-08-24,0.00014999999664723872
2015-08-25,0.0005299999937415123
2015-08-26,0.0005499999970197678
2015-08-27,0.0005000000074505806
2015-08-28,0.0005000000074505806
2015-08-31,3.0000000260770322e-05
2015-09-01,0.0003799999877810478
2015-09-02,0.0002500000037252903
2015-09-03,0.00014999999664723872
2015-09-04,0.0002500000037252903
2015-09-08,0.0002500000037252903
2015-09-09,0.00035000000149011613
2015-09-10,0.00014999999664723872
2015-09-11,0.00023000000044703483
2015-09-14,0.0002500000037252903
2015-09-15,0.0005799999833106995
2015-09-16,0.0005299999937415123
2015-09-17,3.0000000260770322e-05
2015-09-18,9.999999776482581e-05
2015-09-21,0.00013000000268220902
2015-09-22,3.0000000260770322e-05
2015-09-23,3.0000000260770322e-05
2015-09-24,4.999999888241291e-05
2015-09-25,0.00019999999552965163
2015-09-28,0.00013000000268220902
2015-09-29,3.0000000260770322e-05
2015-09-30,4.999999888241291e-05
2015-10-01,0.00017999999225139617
2015-10-02,8.000000379979611e-05
2015-10-05,8.000000379979611e-05
2015-10-06,4.999999888241291e-05
2015-10-07,4.999999888241291e-05
2015-10-08,3.0000000260770322e-05
2015-10-09,3.0000000260770322e-05
2015-10-12,9.999999776482581e-05
2015-10-13,4.999999888241291e-05
2015-10-14,9.999999776482581e-05
2015-10-15,4.999999888241291e-05
2015-10-16,4.999999888241291e-05
2015-10-19,4.999999888241291e-05
2015-10-20,9.999999776482581e-05
2015-10-21,4.999999888241291e-05
2015-10-22,4.999999888241291e-05
2015-10-23,3.0000000260770322e-05
2015-10-26,8.000000379979611e-05
2015-10-27,9.999999776482581e-05
2015-10-28,0.00035000000149011613
2015-10-29,0.0005299999937415123
2015-10-30,0.0006800000369548797
2015-11-02,0.0005299999937415123
2015-11-03,0.0005799999833106995
2015-11-04,0.0005499999970197678
2015-11-05,0.00039999999105930326
2015-11-06,0.000729999989271164
2015-11-09,0.0007500000298023224
2015-11-10,0.00125
2015-11-11,0.0012300000339746475
2015-11-12,0.0012300000339746475
2015-11-13,0.0011299999803304672
2015-11-16,0.0009799999743700027
2015-11-17,0.0013500000536441803
2015-11-18,0.0012300000339746475
2015-11-19,0.0008799999952316285
2015-11-20,0.0009300000220537186
2015-11-23,0.0010499999672174453
2015-11-24,0.0015299999713897705
2015-11-25,0.0017499999701976775
2015-11-27,0.001599999964237213
2015-11-30,0.0017000000178813935
2015-12-01,0.002029999941587448
2015-12-02,0.0020000000298023225
2015-12-03,0.0019799999892711638
2015-12-04,0.0020499999821186068
2015-12-07,0.0023499999940395353
2015-12-08,0.0026800000667572023
2015-12-09,0.002450000047683716
2015-12-10,0.0023000000417232516
2015-12-11,0.0021299999952316285
2015-12-14,0.0019799999892711638
2015-12-15,0.0025
2015-12-16,0.0023499999940395353
2015-12-17,0.0021299999952316285
2015-12-18,0.0017499999701976775
2015-12-21,0.0015299999713897705
2015-12-22,0.0019300000369548798
2015-12-23,0.001899999976158142
2015-12-24,0.0018299999833106995
2015-12-28,0.001899999976158142
2015-12-29,0.002150000035762787
2015-12-30,0.0019499999284744263
2015-12-31,0.0014800000190734863
2016-01-04,0.001550000011920929
2016-01-05,0.0020499999821186068
2016-01-06,0.0020499999821186068
2016-01-07,0.001899999976158142
2016-01-08,0.001899999976158142
2016-01-11,0.0017499999701976775
2016-01-12,0.0020999999344348905
2016-01-13,0.002150000035762787
2016-01-14,0.0023999999463558195
2016-01-15,0.0022300000488758086
2016-01-19,0.0023000000417232516
2016-01-20,0.002529999911785126
2016-01-21,0.0027300000190734865
2016-01-22,0.0028799998760223387
2016-01-25,0.002750000059604645
2016-01-26,0.0030000001192092896
2016-01-27,0.0030000001192092896
2016-01-28,0.0031799998879432677
2016-01-29,0.0030000001192092896
2016-02-01,0.0029499998688697817
2016-02-02,0.0033000001311302186
2016-02-03,0.003330000042915344
2016-02-04,0.0028299999237060545
2016-02-05,0.0027799999713897707
2016-02-08,0.0025999999046325685
2016-02-09,0.0030000001192092896
2016-02-10,0.0029800000786781313
2016-02-11,0.0027300000190734865
2016-02-12,0.0027000001072883606
2016-02-16,0.0027300000190734865
2016-02-17,0.002930000126361847
2016-02-18,0.0028799998760223387
2016-02-19,0.0028299999237060545
2016-02-22,0.002930000126361847
2016-02-23,0.0031799998879432677
2016-02-24,0.0031499999761581423
2016-02-25,0.003100000023841858
2016-02-26,0.003030000030994415
2016-02-29,0.0030799999833106993
2016-03-01,0.003199999928474426
2016-03-02,0.003030000030994415
2016-03-03,0.002630000114440918
2016-03-04,0.0026499998569488527
2016-03-07,0.0026499998569488527
2016-03-08,0.003050000071525574
2016-03-09,0.0028799998760223387
2016-03-10,0.003030000030994415
2016-03-11,0.0030799999833106993
2016-03-14,0.0030799999833106993
2016-03-15,0.0032499998807907103
2016-03-16,0.0030000001192092896
2016-03-17,0.002750000059604645
2016-03-18,0.002800000011920929
2016-03-21,0.0028799998760223387
2016-03-22,0.0029499998688697817
2016-03-23,0.002930000126361847
2016-03-24,0.002750000059604645
2016-03-28,0.0025499999523162843
2016-03-29,0.0022499999403953553
2016-03-30,0.0018500000238418578
2016-03-31,0.0019300000369548798
2016-04-01,0.0021799999475479127
2016-04-04,0.0018299999833106995
2016-04-05,0.0021799999475479127
2016-04-06,0.002199999988079071
2016-04-07,0.002199999988079071
2016-04-08,0.0021799999475479127
2016-04-11,0.0020999999344348905
2016-04-12,0.0023000000417232516
2016-04-13,0.0022300000488758086
2016-04-14,0.002150000035762787
2016-04-15,0.0020999999344348905
2016-04-18,0.0019799999892711638
2016-04-19,0.002150000035762787
2016-04-20,0.0021799999475479127
2016-04-21,0.0022499999403953553
2016-04-22,0.0022499999403953553
2016-04-25,0.0023800000548362733
2016-04-26,0.002450000047683716
2016-04-27,0.002450000047683716
2016-04-28,0.0020999999344348905
2016-04-29,0.0019300000369548798
2016-05-02,0.0018500000238418578
2016-05-03,0.002029999941587448
2016-05-04,0.0019799999892711638
2016-05-05,0.0018299999833106995
2016-05-06,0.0018000000715255738
2016-05-09,0.002029999941587448
2016-05-10,0.0024300000071525575
2016-05-11,0.0024799999594688417
2016-05-12,0.0025799998641014097
2016-05-13,0.0025799998641014097
2016-05-16,0.0025799998641014097
2016-05-17,0.0026800000667572023
2016-05-18,0.0027000001072883606
2016-05-19,0.0028999999165534975
2016-05-20,0.0029800000786781313
2016-05-23,0.0031299999356269835
2016-05-24,0.0034299999475479125
2016-05-25,0.0031499999761581423
2016-05-26,0.002750000059604645
2016-05-27,0.0029800000786781313
2016-05-31,0.0028299999237060545
2016-06-01,0.0029499998688697817
2016-06-02,0.0027000001072883606
2016-06-03,0.0027000001072883606
2016-06-06,0.0025
2016-06-07,0.0026499998569488527
2016-06-08,0.0023499999940395353
2016-06-09,0.0023999999463558195
2016-06-10,0.0023999999463558195
2016-06-13,0.002450000047683716
2016-06-14,0.002630000114440918
2016-06-15,0.0025499999523162843
2016-06-16,0.002450000047683716
2016-06-17,0.0024799999594688417
2016-06-20,0.0024799999594688417
2016-06-21,0.0026499998569488527
2016-06-22,0.0026800000667572023
2016-06-23,0.002750000059604645
2016-06-24,0.0023800000548362733
2016-06-27,0.0023499999940395353
2016-06-28,0.0025999999046325685
2016-06-29,0.0025499999523162843
2016-06-30,0.0024799999594688417
2016-07-01,0.0024300000071525575
2016-07-05,0.0023800000548362733
2016-07-06,0.002630000114440918
2016-07-07,0.0027000001072883606
2016-07-08,0.0027300000190734865
2016-07-11,0.002750000059604645
2016-07-12,0.0029499998688697817
2016-07-13,0.0029800000786781313
2016-07-14,0.003030000030994415
2016-07-15,0.0029800000786781313
2016-07-18,0.0028799998760223387
2016-07-19,0.003100000023841858
2016-07-20,0.0031499999761581423
2016-07-21,0.003030000030994415
2016-07-22,0.003030000030994415
2016-07-25,0.0029800000786781313
2016-07-26,0.0030799999833106993
2016-07-27,0.0028299999237060545
2016-07-28,0.002199999988079071
2016-07-29,0.0023999999463558195
2016-08-01,0.0023800000548362733
2016-08-02,0.002800000011920929
2016-08-03,0.0026800000667572023
2016-08-04,0.0024799999594688417
2016-08-05,0.0025
2016-08-08,0.0025
2016-08-09,0.002930000126361847
2016-08-10,0.0027300000190734865
2016-08-11,0.002750000059604645
2016-08-12,0.002630000114440918
2016-08-15,0.002750000059604645
2016-08-16,0.0028799998760223387
2016-08-17,0.0028799998760223387
2016-08-18,0.0028499999642372133
2016-08-19,0.002930000126361847
2016-08-22,0.002800000011920929
2016-08-23,0.003050000071525574
2016-08-24,0.003050000071525574
2016-08-25,0.003050000071525574
2016-08-26,0.003050000071525574
2016-08-29,0.003050000071525574
2016-08-30,0.0032499998807907103
2016-08-31,0.003199999928474426
2016-09-01,0.0031499999761581423
2016-09-02,0.003030000030994415
2016-09-06,0.003030000030994415
2016-09-07,0.0033000001311302186
2016-09-08,0.003330000042915344
2016-09-09,0.003330000042915344
2016-09-12,0.003499999940395355
2016-09-13,0.003449999988079071
2016-09-14,0.0031499999761581423
2016-09-15,0.0027799999713897707
2016-09-16,0.0027300000190734865
2016-09-19,0.0023800000548362733
2016-09-20,0.0028799998760223387
2016-09-21,0.0022300000488758086
2016-09-22,0.001599999964237213
2016-09-23,0.0016500000655651093
2016-09-26,0.0017299999296665192
2016-09-27,0.0025499999523162843
2016-09-28,0.002630000114440918
2016-09-29,0.0023499999940395353
2016-09-30,0.0025999999046325685
2016-10-03,0.0028799998760223387
2016-10-04,0.0031499999761581423
2016-10-05,0.0031299999356269835
2016-10-06,0.003100000023841858
2016-10-07,0.003100000023841858
2016-10-10,0.0030799999833106993
2016-10-11,0.003199999928474426
2016-10-12,0.003400000035762787
2016-10-13,0.002750000059604645
2016-10-14,0.0028999999165534975
2016-10-17,0.0029499998688697817
2016-10-18,0.003330000042915344
2016-10-19,0.003230000138282776
2016-10-20,0.003199999928474426
2016-10-21,0.0031499999761581423
2016-10-24,0.0031299999356269835
2016-10-25,0.0032499998807907103
2016-10-26,0.0031299999356269835
2016-10-27,0.002750000059604645
2016-10-28,0.0027300000190734865
2016-10-31,0.0029499998688697817
2016-11-01,0.003449999988079071
2016-11-02,0.003449999988079071
2016-11-03,0.003580000102519989
2016-11-04,0.003580000102519989
2016-11-07,0.0038999998569488525
2016-11-08,0.004199999868869781
2016-11-09,0.004180000126361847
2016-11-10,0.004580000042915344
2016-11-14,0.005030000209808349
2016-11-15,0.004880000054836273
2016-11-16,0.00453000009059906
2016-11-17,0.004199999868869781
2016-11-18,0.004180000126361847
2016-11-21,0.004199999868869781
2016-11-22,0.004749999940395355
2016-11-23,0.0048500001430511475
2016-11-25,0.004799999892711639
2016-11-28,0.0044999998807907105
2016-11-29,0.004679999947547912
2016-11-30,0.004679999947547912
2016-12-01,0.004580000042915344
2016-12-02,0.004550000131130219
2016-12-05,0.00453000009059906
2016-12-06,0.0048500001430511475
2016-12-07,0.004880000054836273
2016-12-08,0.004900000095367432
2016-12-09,0.005199999809265137
2016-12-12,0.005
2016-12-13,0.005230000019073486
2016-12-14,0.005230000019073486
2016-12-15,0.004880000054836273
2016-12-16,0.0048500001430511475
2016-12-19,0.004779999852180481
2016-12-20,0.005130000114440918
2016-12-21,0.005030000209808349
2016-12-22,0.0049300000071525575
2016-12-23,0.005
2016-12-27,0.004950000047683716
2016-12-28,0.004950000047683716
2016-12-29,0.004399999976158142
2016-12-30,0.004799999892711639
2017-01-03,0.004749999940395355
2017-01-04,0.005180000066757202
2017-01-05,0.0050800001621246335
2017-01-06,0.005030000209808349
2017-01-09,0.0048500001430511475
2017-01-10,0.005030000209808349
2017-01-11,0.004979999959468842
2017-01-12,0.005030000209808349
2017-01-13,0.005130000114440918
2017-01-17,0.005130000114440918
2017-01-18,0.005149999856948853
2017-01-19,0.005030000209808349
2017-01-20,0.004799999892711639
2017-01-23,0.0047299998998641965
2017-01-24,0.0049300000071525575
2017-01-25,0.004830000102519989
2017-01-26,0.004880000054836273
2017-01-27,0.004979999959468842
2017-01-30,0.004950000047683716
2017-01-31,0.005
2017-02-01,0.005
2017-02-02,0.004880000054836273
2017-02-03,0.004880000054836273
2017-02-06,0.005030000209808349
2017-02-07,0.005249999761581421
2017-02-08,0.005249999761581421
2017-02-09,0.00527999997138977
2017-02-10,0.005230000019073486
2017-02-13,0.005230000019073486
2017-02-14,0.005350000262260437
2017-02-15,0.005199999809265137
2017-02-16,0.0050800001621246335
2017-02-17,0.0050800001621246335
2017-02-21,0.005049999952316284
2017-02-22,0.0050999999046325685
2017-02-23,0.004979999959468842
2017-02-24,0.004979999959468842
2017-02-27,0.004900000095367432
2017-02-28,0.005230000019073486
2017-03-01,0.006150000095367432
2017-03-02,0.006449999809265136
2017-03-03,0.006830000281333923
2017-03-06,0.007049999833106994
2017-03-07,0.007350000143051147
2017-03-08,0.007080000042915344
2017-03-09,0.007129999995231629
2017-03-10,0.0072500002384185795
2017-03-13,0.007279999852180481
2017-03-14,0.00753000020980835
2017-03-15,0.007149999737739563
2017-03-16,0.007080000042915344
2017-03-17,0.007080000042915344
2017-03-20,0.0070999997854232786
2017-03-21,0.00753000020980835
2017-03-22,0.0074800002574920655
2017-03-23,0.0074800002574920655
2017-03-24,0.0074800002574920655
2017-03-27,0.007580000162124634
2017-03-28,0.007730000019073487
2017-03-29,0.007549999952316284
2017-03-30,0.007580000162124634
2017-03-31,0.00737999975681305
2017-04-03,0.007400000095367431
2017-04-04,0.007799999713897705
2017-04-05,0.007799999713897705
2017-04-06,0.007879999876022338
2017-04-07,0.007979999780654907
2017-04-10,0.007879999876022338
2017-04-11,0.00800000011920929
2017-04-12,0.007929999828338623
2017-04-13,0.007900000214576722
2017-04-17,0.007900000214576722
2017-04-18,0.008050000071525574
2017-04-19,0.007850000262260437
2017-04-20,0.007699999809265137
2017-04-21,0.007630000114440918
2017-04-24,0.007699999809265137
2017-04-25,0.008080000281333924
2017-04-26,0.008029999732971192
2017-04-27,0.007850000262260437
2017-04-28,0.007799999713897705
2017-05-01,0.007850000262260437
2017-05-02,0.008429999947547912
2017-05-03,0.008479999899864197
2017-05-04,0.008550000190734864
2017-05-05,0.008679999709129334
2017-05-08,0.008700000047683716
2017-05-09,0.008899999856948853
2017-05-10,0.00875
2017-05-11,0.008600000143051147
2017-05-12,0.008550000190734864
2017-05-15,0.008629999756813049
2017-05-16,0.008899999856948853
2017-05-17,0.00875
2017-05-18,0.008930000066757203
2017-05-19,0.008880000114440918
2017-05-22,0.008780000209808349
2017-05-23,0.00912999987602234
2017-05-24,0.009049999713897704
2017-05-25,0.009079999923706054
2017-05-26,0.009100000262260438
2017-05-30,0.009100000262260438
2017-05-31,0.00949999988079071
2017-06-01,0.009480000138282776
2017-06-02,0.00953000009059906
2017-06-05,0.009480000138282776
2017-06-06,0.009580000042915345
2017-06-07,0.009729999899864197
2017-06-08,0.009729999899864197
2017-06-09,0.009800000190734863
2017-06-12,0.009729999899864197
2017-06-13,0.009829999804496765
2017-06-14,0.009829999804496765
2017-06-15,0.009929999709129333
2017-06-16,0.009850000143051147
2017-06-19,0.009850000143051147
2017-06-20,0.009929999709129333
2017-06-21,0.009679999947547913
2017-06-22,0.009330000281333923
2017-06-23,0.009330000281333923
2017-06-26,0.009330000281333923
2017-06-27,0.009900000095367432
2017-06-28,0.009850000143051147
2017-06-29,0.01003000020980835
2017-06-30,0.009929999709129333
2017-07-03,0.01
2017-07-05,0.010199999809265137
2017-07-06,0.010080000162124634
2017-07-07,0.010080000162124634
2017-07-10,0.010130000114440919
2017-07-11,0.010329999923706056
2017-07-12,0.010230000019073487
2017-07-13,0.010130000114440919
2017-07-14,0.010080000162124634
2017-07-17,0.010199999809265137
2017-07-18,0.010399999618530274
2017-07-19,0.010850000381469726
2017-07-20,0.011130000352859498
2017-07-21,0.011380000114440918
2017-07-24,0.011499999761581422
2017-07-25,0.011430000066757201
2017-07-26,0.010950000286102294
2017-07-27,0.010779999494552613
2017-07-28,0.01052999973297119
2017-07-31,0.01052999973297119
2017-08-01,0.010579999685287476
2017-08-02,0.010499999523162842
2017-08-03,0.010579999685287476
2017-08-04,0.01052999973297119
2017-08-07,0.010329999923706056
2017-08-08,0.010299999713897705
2017-08-09,0.01024999976158142
2017-08-10,0.010180000066757202
2017-08-11,0.010130000114440919
2017-08-14,0.01003000020980835
2017-08-15,0.010080000162124634
2017-08-16,0.009850000143051147
2017-08-17,0.009779999852180482
2017-08-18,0.00987999975681305
2017-08-21,0.009649999737739563
2017-08-22,0.009950000047683715
2017-08-23,0.009800000190734863
2017-08-24,0.009980000257492065
2017-08-25,0.009950000047683715
2017-08-28,0.010049999952316284
2017-08-29,0.010099999904632569
2017-08-30,0.009980000257492065
2017-08-31,0.009779999852180482
2017-09-01,0.009850000143051147
2017-09-05,0.009829999804496765
2017-09-06,0.010379999876022339
2017-09-07,0.010230000019073487
2017-09-08,0.010199999809265137
2017-09-11,0.010199999809265137
2017-09-12,0.010180000066757202
2017-09-13,0.010180000066757202
2017-09-14,0.01027999997138977
2017-09-15,0.010099999904632569
2017-09-18,0.01
2017-09-19,0.010180000066757202
2017-09-20,0.010199999809265137
2017-09-21,0.010080000162124634
2017-09-22,0.01003000020980835
2017-09-25,0.009980000257492065
2017-09-26,0.010429999828338622
2017-09-27,0.010379999876022339
2017-09-28,0.010299999713897705
2017-09-29,0.01027999997138977
2017-10-02,0.010130000114440919
2017-10-03,0.010349999666213989
2017-10-04,0.010429999828338622
2017-10-05,0.010429999828338622
2017-10-06,0.010429999828338622
2017-10-09,0.010449999570846557
2017-10-10,0.010549999475479126
2017-10-11,0.010679999589920044
2017-10-12,0.01052999973297119
2017-10-13,0.010499999523162842
2017-10-16,0.010549999475479126
2017-10-17,0.010729999542236328
2017-10-18,0.010679999589920044
2017-10-19,0.010650000572204589
2017-10-20,0.010750000476837157
2017-10-23,0.010700000524520874
2017-10-24,0.010980000495910644
2017-10-25,0.010829999446868896
2017-10-26,0.010800000429153443
2017-10-27,0.010729999542236328
2017-10-30,0.010750000476837157
2017-10-31,0.011230000257492066
2017-11-01,0.011380000114440918
2017-11-02,0.011380000114440918
2017-11-03,0.011480000019073486
2017-11-06,0.011579999923706055
2017-11-07,0.01187999963760376
2017-11-08,0.011950000524520873
2017-11-09,0.012029999494552612
2017-11-10,0.012000000476837159
2017-11-13,0.01184999942779541
2017-11-14,0.012400000095367432
2017-11-15,0.012300000190734864
2017-11-16,0.012300000190734864
2017-11-17,0.012400000095367432
2017-11-20,0.012400000095367432
2017-11-21,0.012779999971389771
2017-11-22,0.012649999856948852
2017-11-24,0.012400000095367432
2017-11-27,0.012230000495910644
2017-11-28,0.012649999856948852
2017-11-29,0.012580000162124634
2017-11-30,0.012380000352859497
2017-12-01,0.012350000143051147
2017-12-04,0.012450000047683716
2017-12-05,0.012829999923706054
2017-12-06,0.012630000114440917
2017-12-07,0.012599999904632569
2017-12-08,0.012530000209808349
2017-12-11,0.012630000114440917
2017-12-12,0.01309999942779541
2017-12-13,0.012730000019073486
2017-12-14,0.012829999923706054
2017-12-15,0.01284999966621399
2017-12-18,0.01315000057220459
2017-12-19,0.013530000448226928
2017-12-20,0.01350000023841858
2017-12-21,0.013200000524520875
2017-12-22,0.012979999780654908
2017-12-26,0.013029999732971191
2017-12-27,0.014079999923706055
2017-12-28,0.013700000047683715
2017-12-29,0.013550000190734863
2018-01-02,0.01378000020980835
2018-01-03,0.013700000047683715
2018-01-04,0.013700000047683715
2018-01-05,0.013700000047683715
2018-01-08,0.013799999952316283
2018-01-09,0.014149999618530274
2018-01-10,0.013949999809265137
2018-01-11,0.01402999997138977
2018-01-12,0.014099999666213989
2018-01-16,0.013949999809265137
2018-01-17,0.014149999618530274
2018-01-18,0.014049999713897705
2018-01-19,0.01402999997138977
2018-01-22,0.013899999856948852
2018-01-23,0.014129999876022339
2018-01-24,0.014099999666213989
2018-01-25,0.013930000066757202
2018-01-26,0.013880000114440919
2018-01-29,0.01375
2018-01-30,0.014249999523162842
2018-01-31,0.014299999475479126
2018-02-01,0.014529999494552612
2018-02-02,0.014500000476837159
2018-02-05,0.014579999446868896
2018-02-06,0.014880000352859498
2018-02-07,0.015149999856948853
2018-02-08,0.015149999856948853
2018-02-09,0.015249999761581421
2018-02-12,0.01534999966621399
2018-02-13,0.015700000524520873
2018-02-14,0.015499999523162842
2018-02-15,0.01559999942779541
2018-02-16,0.015700000524520873
2018-02-20,0.015729999542236327
2018-02-21,0.016080000400543214
2018-02-22,0.016050000190734864
2018-02-23,0.016050000190734864
2018-02-26,0.016080000400543214
2018-02-27,0.016349999904632567
2018-02-28,0.01618000030517578
2018-03-01,0.01590000033378601
2018-03-02,0.016050000190734864
2018-03-05,0.01625
2018-03-06,0.0164300000667572
2018-03-07,0.01649999976158142
2018-03-08,0.016349999904632567
2018-03-09,0.016349999904632567
2018-03-12,0.0164300000667572
2018-03-13,0.01690000057220459
2018-03-14,0.01718000054359436
2018-03-15,0.01733000040054321
2018-03-16,0.017380000352859498
2018-03-19,0.017280000448226928
2018-03-20,0.017580000162124635
2018-03-21,0.017100000381469728
2018-03-22,0.016829999685287474
2018-03-23,0.01687999963760376
2018-03-26,0.01705000042915344
2018-03-27,0.01733000040054321
2018-03-28,0.016950000524520874
2018-03-29,0.016699999570846558
2018-04-02,0.016829999685287474
2018-04-03,0.017130000591278075
2018-04-04,0.016679999828338624
2018-04-05,0.01674999952316284
2018-04-06,0.016799999475479124
2018-04-09,0.01674999952316284
2018-04-10,0.016950000524520874
2018-04-11,0.016929999589920045
2018-04-12,0.01705000042915344
2018-04-13,0.01718000054359436
2018-04-16,0.017130000591278075
2018-04-17,0.017549999952316285
2018-04-18,0.017699999809265135
2018-04-19,0.017829999923706055
2018-04-20,0.01764999985694885
2018-04-23,0.017829999923706055
2018-04-24,0.01822999954223633
2018-04-25,0.01815000057220459
2018-04-26,0.01784999966621399
2018-04-27,0.017699999809265135
2018-04-30,0.01763000011444092
2018-05-01,0.01809999942779541
2018-05-02,0.01784999966621399
2018-05-03,0.01787999987602234
2018-05-04,0.017929999828338622
2018-05-07,0.017929999828338622
2018-05-08,0.018350000381469726
2018-05-09,0.018450000286102296
2018-05-10,0.018450000286102296
2018-05-11,0.018600000143051146
2018-05-14,0.018550000190734862
2018-05-15,0.01875
2018-05-16,0.018650000095367433
2018-05-17,0.018630000352859496
2018-05-18,0.018550000190734862
2018-05-21,0.018630000352859496
2018-05-22,0.018930000066757203
2018-05-23,0.018730000257492066
2018-05-24,0.018600000143051146
2018-05-25,0.01853000044822693
2018-05-29,0.018400000333786012
2018-05-30,0.01878000020980835
2018-05-31,0.018700000047683716
2018-06-01,0.018680000305175783
2018-06-04,0.018650000095367433
2018-06-05,0.01902999997138977
2018-06-06,0.01899999976158142
2018-06-07,0.01884999990463257
2018-06-08,0.018799999952316283
2018-06-11,0.018680000305175783
2018-06-12,0.01888000011444092
2018-06-13,0.018949999809265136
2018-06-14,0.018830000162124633
2018-06-15,0.01888000011444092
2018-06-18,0.018830000162124633
2018-06-19,0.018980000019073486
2018-06-20,0.01888000011444092
2018-06-21,0.018899999856948853
2018-06-22,0.018700000047683716
2018-06-25,0.01853000044822693
2018-06-26,0.018930000066757203
2018-06-27,0.018799999952316283
2018-06-28,0.018799999952316283
2018-06-29,0.018799999952316283
2018-07-02,0.018949999809265136
2018-07-03,0.019329999685287477
2018-07-05,0.01909999966621399
2018-07-06,0.019049999713897706
2018-07-09,0.019149999618530273
2018-07-10,0.01934999942779541
2018-07-11,0.019199999570846556
2018-07-12,0.01927999973297119
2018-07-13,0.01927999973297119
2018-07-16,0.01937999963760376
2018-07-17,0.01975000023841858
2018-07-18,0.019600000381469727
2018-07-19,0.019479999542236327
2018-07-20,0.019329999685287477
2018-07-23,0.019199999570846556
2018-07-24,0.019600000381469727
2018-07-25,0.019529999494552613
2018-07-26,0.019450000524520873
2018-07-27,0.019450000524520873
2018-07-30,0.019450000524520873
2018-07-31,0.019850000143051147
2018-08-01,0.01978000044822693
2018-08-02,0.01965000033378601
2018-08-03,0.019600000381469727
2018-08-06,0.01968000054359436
2018-08-07,0.020079998970031737
2018-08-08,0.020079998970031737
2018-08-09,0.02005000114440918
2018-08-10,0.02
2018-08-13,0.019950000047683717
2018-08-14,0.020329999923706054
2018-08-15,0.020199999809265137
2018-08-16,0.020150001049041747
2018-08-17,0.019950000047683717
2018-08-20,0.01993000030517578
2018-08-21,0.020350000858306884
2018-08-22,0.020350000858306884
2018-08-23,0.020329999923706054
2018-08-24,0.020480000972747804
2018-08-27,0.02059999942779541
2018-08-28,0.020780000686645508
2018-08-29,0.020799999237060548
2018-08-30,0.02058000087738037
2018-08-31,0.02055000066757202
2018-09-04,0.02068000078201294
2018-09-05,0.020899999141693115
2018-09-06,0.020799999237060548
2018-09-07,0.020880000591278078
2018-09-10,0.020829999446868898
2018-09-11,0.02108000040054321
2018-09-12,0.021050000190734865
2018-09-13,0.020929999351501465
2018-09-14,0.021029999256134035
2018-09-17,0.02108000040054321
2018-09-18,0.02125
2018-09-19,0.02119999885559082
2018-09-20,0.02118000030517578
2018-09-21,0.02122999906539917
2018-09-24,0.02122999906539917
2018-09-25,0.021679999828338622
2018-09-26,0.021600000858306885
2018-09-27,0.021400001049041748
2018-09-28,0.021500000953674315
2018-10-01,0.021549999713897705
2018-10-02,0.021749999523162842
2018-10-03,0.021700000762939452
2018-10-04,0.021700000762939452
2018-10-05,0.021649999618530272
2018-10-08,0.021649999618530272
2018-10-09,0.02184999942779541
2018-10-10,0.022200000286102296
2018-10-11,0.022149999141693116
2018-10-12,0.022179999351501466
2018-10-15,0.022300000190734862
2018-10-16,0.02259999990463257
2018-10-17,0.02259999990463257
2018-10-18,0.02255000114440918
2018-10-19,0.02259999990463257
2018-10-22,0.02257999897003174
2018-10-23,0.022899999618530273
2018-10-24,0.022850000858306886
2018-10-25,0.022799999713897706
2018-10-26,0.022730000019073486
2018-10-29,0.02259999990463257
2018-10-30,0.022829999923706056
2018-10-31,0.022780001163482666
2018-11-01,0.022699999809265136
2018-11-02,0.022730000019073486
2018-11-05,0.022679998874664306
2018-11-06,0.02309999942779541
2018-11-07,0.02309999942779541
2018-11-08,0.023029999732971193
2018-11-09,0.022999999523162843
2018-11-12,0.022999999523162843
2018-11-13,0.022950000762939453
2018-11-14,0.02325000047683716
2018-11-15,0.02309999942779541
2018-11-16,0.022999999523162843
2018-11-19,0.022999999523162843
2018-11-20,0.023350000381469727
2018-11-21,0.023499999046325683
2018-11-23,0.023480000495910643
2018-11-26,0.023429999351501463
2018-11-27,0.023529999256134033
2018-11-28,0.023350000381469727
2018-11-29,0.02309999942779541
2018-11-30,0.02308000087738037
2018-12-03,0.022880001068115233
2018-12-04,0.02365000009536743
2018-12-06,0.023529999256134033
2018-12-07,0.023399999141693117
2018-12-10,0.023299999237060547
2018-12-11,0.02369999885559082
2018-12-12,0.02375
2018-12-13,0.0236299991607666
2018-12-14,0.02368000030517578
2018-12-17,0.023399999141693117
2018-12-18,0.023280000686645506
2018-12-19,0.023380000591278077
2018-12-20,0.023350000381469727
2018-12-21,0.023299999237060547
2018-12-24,0.023329999446868897
2018-12-26,0.02380000114440918
2018-12-27,0.023480000495910643
2018-12-28,0.023280000686645506
2018-12-31,0.022999999523162843
2019-01-02,0.02365000009536743
2019-01-03,0.023550000190734863
2019-01-04,0.023580000400543213
2019-01-07,0.023529999256134033
2019-01-08,0.024000000953674317
2019-01-09,0.023900001049041747
2019-01-10,0.02375
2019-01-11,0.02369999885559082
2019-01-14,0.023599998950958254
2019-01-15,0.023829998970031737
2019-01-16,0.0236299991607666
2019-01-17,0.023550000190734863
2019-01-18,0.023480000495910643
2019-01-22,0.023450000286102293
2019-01-23,0.023529999256134033
2019-01-24,0.023050000667572023
2019-01-25,0.023280000686645506
2019-01-28,0.023329999446868897
2019-01-29,0.02365000009536743
2019-01-30,0.02365000009536743
2019-01-31,0.023399999141693117
2019-02-01,0.023399999141693117
2019-02-04,0.023350000381469727
2019-02-05,0.02365000009536743
2019-02-06,0.02365000009536743
2019-02-07,0.023550000190734863
2019-02-08,0.02365000009536743
2019-02-11,0.02375
2019-02-12,0.02378000020980835
2019-02-13,0.02372999906539917
2019-02-14,0.02372999906539917
2019-02-15,0.02369999885559082
2019-02-19,0.02372999906539917
2019-02-20,0.023829998970031737
2019-02-21,0.023949999809265137
2019-02-22,0.023929998874664307
2019-02-25,0.023929998874664307
2019-02-26,0.024000000953674317
2019-02-27,0.023929998874664307
2019-02-28,0.023829998970031737
2019-03-01,0.02378000020980835
2019-03-04,0.02375
2019-03-05,0.024000000953674317
2019-03-06,0.024049999713897704
2019-03-07,0.023949999809265137
2019-03-08,0.023929998874664307
2019-03-11,0.02380000114440918
2019-03-12,0.023949999809265137
2019-03-13,0.023880000114440917
2019-03-14,0.023880000114440917
2019-03-15,0.023880000114440917
2019-03-18,0.023849999904632567
2019-03-19,0.024049999713897704
2019-03-20,0.024079999923706054
2019-03-21,0.024079999923706054
2019-03-22,0.023980000019073487
2019-03-25,0.023900001049041747
2019-03-26,0.024049999713897704
2019-03-27,0.02378000020980835
2019-03-28,0.02369999885559082
2019-03-29,0.023280000686645506
2019-04-01,0.023229999542236326
2019-04-02,0.02369999885559082
2019-04-03,0.02372999906539917
2019-04-04,0.02369999885559082
2019-04-05,0.02369999885559082
2019-04-08,0.02365000009536743
2019-04-09,0.02365000009536743
2019-04-10,0.0236299991607666
2019-04-11,0.02365000009536743
2019-04-12,0.02375
2019-04-15,0.023599998950958254
2019-04-16,0.02378000020980835
2019-04-17,0.02380000114440918
2019-04-18,0.02365000009536743
2019-04-22,0.02375
2019-04-23,0.023900001049041747
2019-04-24,0.02375
2019-04-25,0.02365000009536743
2019-04-26,0.023599998950958254
2019-04-29,0.023599998950958254
2019-04-30,0.02368000030517578
2019-05-01,0.0236299991607666
2019-05-02,0.02372999906539917
2019-05-03,0.02368000030517578
2019-05-06,0.0236299991607666
2019-05-07,0.02368000030517578
2019-05-08,0.02369999885559082
2019-05-09,0.02369999885559082
2019-05-10,0.02369999885559082
2019-05-13,0.023499999046325683
2019-05-14,0.023529999256134033
2019-05-15,0.023499999046325683
2019-05-16,0.023380000591278077
2019-05-17,0.023299999237060547
2019-05-20,0.02319999933242798
2019-05-21,0.023299999237060547
2019-05-22,0.02319999933242798
2019-05-23,0.023029999732971193
2019-05-24,0.022880001068115233
2019-05-28,0.022980000972747803
2019-05-29,0.022980000972747803
2019-05-30,0.02309999942779541
2019-05-31,0.022929999828338623
2019-06-03,0.022799999713897706
2019-06-04,0.022950000762939453
2019-06-05,0.022850000858306886
2019-06-06,0.02255000114440918
2019-06-07,0.022149999141693116
2019-06-10,0.022200000286102296
2019-06-11,0.022130000591278075
2019-06-12,0.021649999618530272
2019-06-13,0.021400001049041748
2019-06-14,0.02125
2019-06-17,0.021380000114440918
2019-06-18,0.021679999828338622
2019-06-19,0.02125
2019-06-20,0.020780000686645508
2019-06-21,0.02055000066757202
2019-06-24,0.02058000087738037
2019-06-25,0.020829999446868898
2019-06-26,0.020929999351501465
2019-06-27,0.020850000381469728
2019-06-28,0.020350000858306884
2019-07-01,0.02065000057220459
2019-07-02,0.021480000019073485
2019-07-03,0.021500000953674315
2019-07-05,0.021630001068115235
2019-07-08,0.021779999732971192
2019-07-09,0.02194999933242798
2019-07-10,0.021300001144409178
2019-07-11,0.020980000495910645
2019-07-12,0.020899999141693115
2019-07-15,0.020850000381469728
2019-07-16,0.021029999256134035
2019-07-17,0.020729999542236328
2019-07-18,0.020130000114440917
2019-07-19,0.020130000114440917
2019-07-22,0.020250000953674317
2019-07-23,0.020329999923706054
2019-07-24,0.020399999618530274
2019-07-25,0.02059999942779541
2019-07-26,0.02062999963760376
2019-07-29,0.02049999952316284
2019-07-30,0.020399999618530274
2019-07-31,0.020299999713897704
2019-08-01,0.020299999713897704
2019-08-02,0.02
2019-08-05,0.019529999494552613
2019-08-06,0.019950000047683717
2019-08-07,0.01968000054359436
2019-08-08,0.019700000286102293
2019-08-09,0.019500000476837157
2019-08-12,0.01927999973297119
2019-08-13,0.019550000429153443
2019-08-14,0.019079999923706056
2019-08-15,0.01843000054359436
2019-08-16,0.01822999954223633
2019-08-19,0.01853000044822693
2019-08-20,0.01899999976158142
2019-08-21,0.01927999973297119
2019-08-22,0.01937999963760376
2019-08-23,0.01909999966621399
2019-08-26,0.019329999685287477
2019-08-27,0.019429999589920043
2019-08-28,0.01940000057220459
2019-08-29,0.01940000057220459
2019-08-30,0.019329999685287477
2019-09-03,0.01909999966621399
2019-09-04,0.019049999713897706
2019-09-05,0.019199999570846556
2019-09-06,0.01909999966621399
2019-09-09,0.019079999923706056
2019-09-10,0.01912999987602234
2019-09-11,0.01912999987602234
2019-09-12,0.018949999809265136
2019-09-13,0.01899999976158142
2019-09-16,0.019450000524520873
2019-09-17,0.01937999963760376
2019-09-18,0.018799999952316283
2019-09-19,0.018830000162124633
2019-09-20,0.01850000023841858
2019-09-23,0.018450000286102296
2019-09-24,0.018799999952316283
2019-09-25,0.018450000286102296
2019-09-26,0.017699999809265135
2019-09-27,0.017300000190734865
2019-09-30,0.017699999809265135
2019-10-01,0.017530000209808348
2019-10-02,0.017350000143051148
2019-10-03,0.016649999618530274
2019-10-04,0.016549999713897704
2019-10-07,0.016729999780654908
2019-10-08,0.016549999713897704
2019-10-09,0.01628000020980835
2019-10-10,0.016330000162124634
2019-10-11,0.016230000257492064
2019-10-14,0.01618000030517578
2019-10-15,0.01618000030517578
2019-10-16,0.01615000009536743
2019-10-17,0.01625
2019-10-18,0.01625
2019-10-21,0.01625
2019-10-22,0.01615000009536743
2019-10-23,0.01615000009536743
2019-10-24,0.016230000257492064
2019-10-25,0.01625
2019-10-28,0.016050000190734864
2019-10-29,0.015950000286102294
2019-10-30,0.015950000286102294
2019-10-31,0.014980000257492066
2019-11-01,0.014850000143051148
2019-11-04,0.01503000020980835
2019-11-05,0.015180000066757203
2019-11-06,0.015149999856948853
2019-11-07,0.015180000066757203
2019-11-08,0.015099999904632568
2019-11-11,0.015130000114440918
2019-11-12,0.015329999923706055
2019-11-13,0.01534999966621399
2019-11-14,0.01527999997138977
2019-11-15,0.01527999997138977
2019-11-18,0.015230000019073486
2019-11-19,0.015249999761581421
2019-11-20,0.015199999809265136
2019-11-21,0.015299999713897705
2019-11-22,0.015429999828338623
2019-11-25,0.015449999570846558
2019-11-26,0.01565000057220459
2019-11-27,0.01565000057220459
2019-11-29,0.015399999618530273
2019-12-02,0.015379999876022338
2019-12-03,0.015379999876022338
2019-12-04,0.014980000257492066
2019-12-05,0.014930000305175781
2019-12-06,0.014800000190734863
2019-12-09,0.014980000257492066
2019-12-10,0.015149999856948853
2019-12-11,0.015199999809265136
2019-12-12,0.015299999713897705
2019-12-13,0.015230000019073486
2019-12-16,0.015249999761581421
2019-12-17,0.015299999713897705
2019-12-18,0.015180000066757203
2019-12-19,0.015329999923706055
2019-12-20,0.01527999997138977
2019-12-23,0.015199999809265136
2019-12-24,0.015379999876022338
2019-12-26,0.01534999966621399
2019-12-27,0.015180000066757203
2019-12-30,0.014900000095367431
2019-12-31,0.015049999952316285
2020-01-02,0.014950000047683716
2020-01-03,0.014730000495910644
2020-01-06,0.014880000352859498
2020-01-07,0.015
2020-01-08,0.014930000305175781
2020-01-09,0.015
2020-01-10,0.014980000257492066
2020-01-13,0.015099999904632568
2020-01-14,0.015299999713897705
2020-01-15,0.015080000162124635
2020-01-16,0.015180000066757203
2020-01-17,0.015230000019073486
2020-01-21,0.01503000020980835
2020-01-22,0.015130000114440918
2020-01-23,0.015149999856948853
2020-01-24,0.014900000095367431
2020-01-27,0.015049999952316285
2020-01-28,0.015299999713897705
2020-01-29,0.015199999809265136
2020-01-30,0.01527999997138977
2020-01-31,0.015099999904632568
2020-02-03,0.015180000066757203
2020-02-04,0.015379999876022338
2020-02-05,0.015199999809265136
2020-02-06,0.015299999713897705
2020-02-07,0.015180000066757203
2020-02-10,0.015199999809265136
2020-02-11,0.015379999876022338
2020-02-12,0.01534999966621399
2020-02-13,0.015449999570846558
2020-02-14,0.01534999966621399
2020-02-18,0.01534999966621399
2020-02-19,0.015429999828338623
2020-02-20,0.015379999876022338
2020-02-21,0.015180000066757203
2020-02-24,0.01503000020980835
2020-02-25,0.014900000095367431
2020-02-26,0.01478000044822693
2020-02-27,0.013949999809265137
2020-02-28,0.012300000190734864
2020-03-02,0.011349999904632568
2020-03-03,0.009179999828338623
2020-03-04,0.00675000011920929
2020-03-05,0.005950000286102295
2020-03-06,0.004149999916553498
2020-03-09,0.0033000001311302186
2020-03-10,0.0038999998569488525
2020-03-11,0.0036800000071525573
2020-03-12,0.0027300000190734865
2020-03-13,0.0024300000071525575
2020-03-16,0.0018500000238418578
2020-03-17,0.0016500000655651093
2020-03-18,3.0000000260770322e-05
2020-03-19,-0.00028000000864267347
2020-03-20,-0.00032999999821186065
2020-03-23,-0.00039999999105930326
2020-03-24,-0.00032999999821186065
2020-03-25,-0.0007000000029802323
2020-03-26,-0.0010499999672174453
2020-03-27,-0.0005799999833106995
2020-03-30,0.00013000000268220902
2020-03-31,0.00029999999329447744
2020-04-01,0.0006300000101327896
2020-04-02,0.0006499999761581421
2020-04-03,0.0005799999833106995
2020-04-06,0.0005999999865889549
2020-04-07,0.0012800000607967378
2020-04-08,0.0018500000238418578
2020-04-09,0.0020999999344348905
2020-04-13,0.0020000000298023225
2020-04-14,0.0016500000655651093
2020-04-15,0.0011500000208616258
2020-04-16,0.0010999999940395355
2020-04-17,0.001030000001192093
2020-04-20,0.0007000000029802323
2020-04-21,0.0009799999743700027
2020-04-22,0.0009300000220537186
2020-04-23,0.0009300000220537186
2020-04-24,0.0010000000149011613
2020-04-27,0.0009300000220537186
2020-04-28,0.0008500000089406968
2020-04-29,0.0009000000357627869
2020-04-30,0.0009000000357627869
2020-05-01,0.0009300000220537186
2020-05-04,0.0009000000357627869
2020-05-05,0.0010999999940395355
2020-05-06,0.001080000028014183
2020-05-07,0.000949999988079071
2020-05-08,0.000949999988079071
2020-05-11,0.0010499999672174453
2020-05-12,0.0012300000339746475
2020-05-13,0.0011500000208616258
2020-05-14,0.0010499999672174453
2020-05-15,0.001030000001192093
2020-05-18,0.0010499999672174453
2020-05-19,0.0011800000071525575
2020-05-20,0.0011800000071525575
2020-05-21,0.0010999999940395355
2020-05-22,0.0010999999940395355
2020-05-26,0.0011800000071525575
2020-05-27,0.0013500000536441803
2020-05-28,0.001379999965429306
2020-05-29,0.0012800000607967378
2020-06-01,0.0012800000607967378
2020-06-02,0.0014499999582767487
2020-06-03,0.0014800000190734863
2020-06-04,0.0014000000059604645
2020-06-05,0.0014499999582767487
2020-06-08,0.0015299999713897705
2020-06-09,0.0016500000655651093
2020-06-10,0.0016500000655651093
2020-06-11,0.0015299999713897705
2020-06-12,0.0015000000596046448
2020-06-15,0.001550000011920929
2020-06-16,0.001599999964237213
2020-06-17,0.0016500000655651093
2020-06-18,0.0014000000059604645
2020-06-19,0.001430000066757202
2020-06-22,0.0014000000059604645
2020-06-23,0.0014000000059604645
2020-06-24,0.0013500000536441803
2020-06-25,0.0012999999523162842
2020-06-26,0.0013300000131130218
2020-06-29,0.00125
2020-06-30,0.0013500000536441803
2020-07-01,0.0012999999523162842
2020-07-02,0.0013300000131130218
2020-07-06,0.0012800000607967378
2020-07-07,0.0014000000059604645
2020-07-08,0.0013500000536441803
2020-07-09,0.0012300000339746475
2020-07-10,0.0011999999731779098
2020-07-13,0.00125
2020-07-14,0.0013300000131130218
2020-07-15,0.00125
2020-07-16,0.001030000001192093
2020-07-17,0.0010499999672174453
2020-07-20,0.0010499999672174453
2020-07-21,0.0010999999940395355
2020-07-22,0.0010000000149011613
2020-07-23,0.001030000001192093
2020-07-24,0.0009799999743700027
2020-07-27,0.0009300000220537186
2020-07-28,0.001030000001192093
2020-07-29,0.0009000000357627869
2020-07-30,0.0008500000089406968
2020-07-31,0.0008299999684095383
2020-08-03,0.0007800000160932541
2020-08-04,0.0009000000357627869
2020-08-05,0.000949999988079071
2020-08-06,0.0008799999952316285
2020-08-07,0.0008799999952316285
2020-08-10,0.0008799999952316285
2020-08-11,0.0010000000149011613
2020-08-12,0.0010000000149011613
2020-08-13,0.0009000000357627869
2020-08-14,0.0008799999952316285
2020-08-17,0.0008500000089406968
2020-08-18,0.0010000000149011613
2020-08-19,0.000949999988079071
2020-08-20,0.0008799999952316285
2020-08-21,0.0008799999952316285
2020-08-24,0.0008500000089406968
2020-08-25,0.000949999988079071
2020-08-26,0.0009300000220537186
2020-08-27,0.000949999988079071
2020-08-28,0.000949999988079071
2020-08-31,0.000949999988079071
2020-09-01,0.0010000000149011613
2020-09-02,0.0010000000149011613
2020-09-03,0.0010000000149011613
2020-09-04,0.001030000001192093
2020-09-08,0.001080000028014183
2020-09-09,0.0010499999672174453
2020-09-10,0.001030000001192093
2020-09-11,0.001030000001192093
2020-09-14,0.0010000000149011613
2020-09-15,0.0010000000149011613
2020-09-16,0.0010000000149011613
2020-09-17,0.0008500000089406968
2020-09-18,0.0008299999684095383
2020-09-21,0.0007999999821186065
2020-09-22,0.0008799999952316285
2020-09-23,0.0008799999952316285
2020-09-24,0.0009300000220537186
2020-09-25,0.0009000000357627869
2020-09-28,0.0008799999952316285
2020-09-29,0.0008500000089406968
2020-09-30,0.0008500000089406968
2020-10-01,0.0008299999684095383
2020-10-02,0.0008500000089406968
2020-10-05,0.0008500000089406968
2020-10-06,0.0008799999952316285
2020-10-07,0.0008799999952316285
2020-10-08,0.0008799999952316285
2020-10-09,0.0009300000220537186
2020-10-12,0.0009000000357627869
2020-10-13,0.0009300000220537186
2020-10-14,0.0010000000149011613
2020-10-15,0.000949999988079071
2020-10-16,0.0009000000357627869
2020-10-19,0.0009000000357627869
2020-10-20,0.000949999988079071
2020-10-21,0.0009000000357627869
2020-10-22,0.0008500000089406968
2020-10-23,0.0008299999684095383
2020-10-26,0.0007999999821186065
2020-10-27,0.0009000000357627869
2020-10-28,0.0009000000357627869
2020-10-29,0.0008299999684095383
2020-10-30,0.0008299999684095383
2020-11-02,0.0008299999684095383
2020-11-03,0.0009000000357627869
2020-11-04,0.0008299999684095383
2020-11-05,0.0008500000089406968
2020-11-06,0.0008299999684095383
2020-11-09,0.0008799999952316285
2020-11-10,0.0009000000357627869
2020-11-11,0.0009000000357627869
2020-11-12,0.0008500000089406968
2020-11-13,0.0008299999684095383
2020-11-16,0.0007500000298023224
2020-11-17,0.0007999999821186065
2020-11-18,0.0007500000298023224
2020-11-19,0.0005999999865889549
2020-11-20,0.0005799999833106995
2020-11-23,0.0007000000029802323
2020-11-24,0.0007999999821186065
2020-11-25,0.0007999999821186065
2020-11-27,0.000729999989271164
2020-11-30,0.0007500000298023224
2020-12-01,0.0007999999821186065
2020-12-02,0.0007500000298023224
2020-12-03,0.0007500000298023224
2020-12-04,0.0007500000298023224
2020-12-07,0.0007000000029802323
2020-12-08,0.0006800000369548797
2020-12-09,0.0007000000029802323
2020-12-10,0.0007000000029802323
2020-12-11,0.0006499999761581421
2020-12-14,0.0005999999865889549
2020-12-15,0.0007000000029802323
2020-12-16,0.0007500000298023224
2020-12-17,0.0007999999821186065
2020-12-18,0.0007999999821186065
2020-12-21,0.0007800000160932541
2020-12-22,0.0007800000160932541
2020-12-23,0.0007500000298023224
2020-12-24,0.0007500000298023224
2020-12-28,0.0007999999821186065
2020-12-29,0.0009000000357627869
2020-12-30,0.0007000000029802323
2020-12-31,0.0006499999761581421
2021-01-04,0.0006800000369548797
2021-01-05,0.0007800000160932541
2021-01-06,0.0007800000160932541
2021-01-07,0.0007999999821186065
2021-01-08,0.0007999999821186065
2021-01-11,0.0007999999821186065
2021-01-12,0.0007999999821186065
2021-01-13,0.0007999999821186065
2021-01-14,0.0007500000298023224
2021-01-15,0.0007500000298023224
2021-01-19,0.000729999989271164
2021-01-20,0.0007500000298023224
2021-01-21,0.000729999989271164
2021-01-22,0.0007000000029802323
2021-01-25,0.0007000000029802323
2021-01-26,0.0006800000369548797
2021-01-27,0.0005999999865889549
2021-01-28,0.0005499999970197678
2021-01-29,0.00048000000417232515
2021-02-01,0.00048000000417232515
2021-02-02,0.0005000000074505806
2021-02-03,0.00039999999105930326
2021-02-04,0.00029999999329447744
2021-02-05,0.00023000000044703483
2021-02-08,0.00019999999552965163
2021-02-09,0.00032999999821186065
2021-02-10,0.00035000000149011613
2021-02-11,0.00035000000149011613
2021-02-12,0.00035000000149011613
2021-02-16,0.00035000000149011613
2021-02-17,0.00035000000149011613
2021-02-18,0.00023000000044703483
2021-02-19,0.00023000000044703483
2021-02-22,0.0002500000037252903
2021-02-23,0.00023000000044703483
2021-02-24,0.00028000000864267347
2021-02-25,0.00032999999821186065
2021-02-26,0.00035000000149011613
2021-03-01,0.00028000000864267347
2021-03-02,0.00035000000149011613
2021-03-03,0.00035000000149011613
2021-03-04,0.00028000000864267347
2021-03-05,0.00028000000864267347
2021-03-08,0.00035000000149011613
2021-03-09,0.00035000000149011613
2021-03-10,0.00029999999329447744
2021-03-11,0.00028000000864267347
2021-03-12,0.0002500000037252903
2021-03-15,0.00014999999664723872
2021-03-16,8.000000379979611e-05
2021-03-17,8.000000379979611e-05
2021-03-18,3.0000000260770322e-05
2021-03-19,4.999999888241291e-05
2021-03-22,4.999999888241291e-05
2021-03-23,9.999999776482581e-05
2021-03-24,0.00014999999664723872
2021-03-25,0.00014999999664723872
2021-03-26,0.00014999999664723872
2021-03-29,8.000000379979611e-05
2021-03-30,0.00013000000268220902
2021-03-31,0.00013000000268220902
2021-04-01,8.000000379979611e-05
2021-04-05,0.00014999999664723872
2021-04-06,0.00014999999664723872
2021-04-07,9.999999776482581e-05
2021-04-08,4.999999888241291e-05
2021-04-09,3.0000000260770322e-05
2021-04-12,9.999999776482581e-05
2021-04-13,0.00014999999664723872
2021-04-14,0.00014999999664723872
2021-04-15,9.999999776482581e-05
2021-04-16,8.000000379979611e-05
2021-04-19,0.00014999999664723872
2021-04-20,0.00014999999664723872
2021-04-21,0.00013000000268220902
2021-04-22,0.00014999999664723872
2021-04-23,0.00014999999664723872
2021-04-26,8.000000379979611e-05
2021-04-27,9.999999776482581e-05
2021-04-28,8.000000379979611e-05
2021-04-29,8.000000379979611e-05
2021-04-30,3.0000000260770322e-05
2021-05-03,4.999999888241291e-05
2021-05-04,9.999999776482581e-05
2021-05-05,8.000000379979611e-05
2021-05-06,8.000000379979611e-05
2021-05-07,8.000000379979611e-05
2021-05-10,4.999999888241291e-05
2021-05-11,9.999999776482581e-05
2021-05-12,9.999999776482581e-05
2021-05-13,8.000000379979611e-05
2021-05-14,4.999999888241291e-05
2021-05-17,4.999999888241291e-05
2021-05-18,9.999999776482581e-05
2021-05-19,4.999999888241291e-05
2021-05-20,3.0000000260770322e-05
2021-05-21,3.0000000260770322e-05
2021-05-24,3.0000000260770322e-05
2021-05-25,9.999999776482581e-05
2021-05-26,4.999999888241291e-05
2021-05-27,4.999999888241291e-05
2021-05-28,8.000000379979611e-05
2021-06-01,9.999999776482581e-05
2021-06-02,0.00014999999664723872
2021-06-03,0.00014999999664723872
2021-06-04,0.00014999999664723872
2021-06-07,0.00017999999225139617
2021-06-08,0.00019999999552965163
2021-06-09,0.00019999999552965163
2021-06-10,0.00019999999552965163
2021-06-11,0.00017999999225139617
2021-06-14,0.00014999999664723872
2021-06-15,0.00019999999552965163
2021-06-16,0.00028000000864267347
2021-06-17,0.00028000000864267347
2021-06-18,0.00028000000864267347
2021-06-21,0.00029999999329447744
2021-06-22,0.0003799999877810478
2021-06-23,0.00039999999105930326
2021-06-24,0.00043000001460313797
2021-06-25,0.00043000001460313797
2021-06-28,0.00039999999105930326
2021-06-29,0.00039999999105930326
2021-06-30,0.00039999999105930326
2021-07-01,0.00039999999105930326
2021-07-02,0.0003799999877810478
2021-07-06,0.00039999999105930326
2021-07-07,0.00043000001460313797
2021-07-08,0.00043000001460313797
2021-07-09,0.00043000001460313797
2021-07-12,0.00043000001460313797
2021-07-13,0.00045000001788139346
2021-07-14,0.00045000001788139346
2021-07-15,0.0003799999877810478
2021-07-16,0.0003799999877810478
2021-07-19,0.00039999999105930326
2021-07-20,0.00045000001788139346
2021-07-21,0.00045000001788139346
2021-07-22,0.00043000001460313797
2021-07-23,0.00045000001788139346
2021-07-26,0.00039999999105930326
2021-07-27,0.00045000001788139346
2021-07-28,0.00045000001788139346
2021-07-29,0.00039999999105930326
2021-07-30,0.00039999999105930326
2021-08-02,0.0003799999877810478
2021-08-03,0.00045000001788139346
2021-08-04,0.00045000001788139346
2021-08-05,0.00043000001460313797
2021-08-06,0.00043000001460313797
2021-08-09,0.00045000001788139346
2021-08-10,0.0005000000074505806
2021-08-11,0.00045000001788139346
2021-08-12,0.00043000001460313797
2021-08-13,0.00045000001788139346
2021-08-16,0.0005799999833106995
2021-08-17,0.0006300000101327896
2021-08-18,0.0005499999970197678
2021-08-19,0.00043000001460313797
2021-08-20,0.00043000001460313797
2021-08-23,0.00039999999105930326
2021-08-24,0.00048000000417232515
2021-08-25,0.00045000001788139346
2021-08-26,0.00043000001460313797
2021-08-27,0.00043000001460313797
2021-08-30,0.0003799999877810478
2021-08-31,0.00039999999105930326
2021-09-01,0.00039999999105930326
2021-09-02,0.00039999999105930326
2021-09-03,0.00039999999105930326
2021-09-07,0.00035000000149011613
2021-09-08,0.00039999999105930326
2021-09-09,0.0003799999877810478
2021-09-10,0.0003799999877810478
2021-09-13,0.0003799999877810478
2021-09-14,0.00035000000149011613
2021-09-15,0.00035000000149011613
2021-09-16,0.00029999999329447744
2021-09-17,0.00028000000864267347
2021-09-20,0.0002500000037252903
2021-09-21,0.00019999999552965163
2021-09-22,0.0002500000037252903
2021-09-23,0.0002500000037252903
2021-09-24,0.0002500000037252903
2021-09-27,0.0002500000037252903
2021-09-28,0.00029999999329447744
2021-09-29,0.00029999999329447744
2021-09-30,0.00028000000864267347
2021-10-01,0.00028000000864267347
2021-10-04,0.00028000000864267347
2021-10-05,0.00035000000149011613
2021-10-06,0.00039999999105930326
2021-10-07,0.00039999999105930326
2021-10-08,0.00039999999105930326
2021-10-11,0.00039999999105930326
2021-10-12,0.00039999999105930326
2021-10-13,0.00045000001788139346
2021-10-14,0.00039999999105930326
2021-10-15,0.0003799999877810478
2021-10-18,0.00043000001460313797
2021-10-19,0.0005000000074505806
2021-10-20,0.0005000000074505806
2021-10-21,0.0005000000074505806
2021-10-22,0.0005000000074505806
2021-10-25,0.0005000000074505806
2021-10-26,0.0005000000074505806
2021-10-27,0.0005000000074505806
2021-10-28,0.00048000000417232515
2021-10-29,0.00048000000417232515
2021-11-01,0.00039999999105930326
2021-11-02,0.00045000001788139346
2021-11-03,0.00045000001788139346
2021-11-04,0.00035000000149011613
2021-11-05,0.00039999999105930326
2021-11-08,0.00035000000149011613
2021-11-09,0.00039999999105930326
2021-11-10,0.00045000001788139346
2021-11-11,0.00039999999105930326
2021-11-12,0.00043000001460313797
2021-11-15,0.0003799999877810478
2021-11-16,0.00039999999105930326
2021-11-17,0.00045000001788139346
2021-11-18,0.00045000001788139346
2021-11-19,0.00045000001788139346
2021-11-22,0.00039999999105930326
2021-11-23,0.00045000001788139346
2021-11-24,0.0005000000074505806
2021-11-26,0.00043000001460313797
2021-11-29,0.0003799999877810478
2021-11-30,0.00048000000417232515
2021-12-01,0.0005000000074505806
2021-12-02,0.00043000001460313797
2021-12-03,0.00043000001460313797
2021-12-06,0.00043000001460313797
2021-12-07,0.0005799999833106995
2021-12-08,0.0005999999865889549
2021-12-09,0.0005299999937415123
2021-12-10,0.0005000000074505806
2021-12-13,0.00043000001460313797
2021-12-14,0.00048000000417232515
2021-12-15,0.00045000001788139346
2021-12-16,0.00035000000149011613
2021-12-17,0.00029999999329447744
2021-12-20,0.0003799999877810478
2021-12-21,0.0006499999761581421
2021-12-22,0.0006499999761581421
2021-12-23,0.0005799999833106995
2021-12-27,0.00043000001460313797
2021-12-28,0.0005000000074505806
2021-12-29,0.00045000001788139346
2021-12-30,0.0002500000037252903
2021-12-31,0.00032999999821186065
2022-01-03,0.0005299999937415123
2022-01-04,0.0007999999821186065
2022-01-05,0.0008500000089406968
2022-01-06,0.0009000000357627869
2022-01-07,0.0008799999952316285
2022-01-10,0.0009000000357627869
2022-01-11,0.0011800000071525575
2022-01-12,0.0011500000208616258
2022-01-13,0.0010999999940395355
2022-01-14,0.0011800000071525575
2022-01-18,0.0012999999523162842
2022-01-19,0.0016500000655651093
2022-01-20,0.001679999977350235
2022-01-21,0.0015800000727176665
2022-01-24,0.001550000011920929
2022-01-25,0.0018500000238418578
2022-01-26,0.0017800000309944153
2022-01-27,0.0018500000238418578
2022-01-28,0.0017299999296665192
2022-01-31,0.0017299999296665192
2022-02-01,0.002029999941587448
2022-02-02,0.0018500000238418578
2022-02-03,0.0019300000369548798
2022-02-04,0.0022300000488758086
2022-02-07,0.002029999941587448
2022-02-08,0.002750000059604645
2022-02-09,0.0027000001072883606
2022-02-10,0.0037000000476837156
2022-02-11,0.0033799999952316283
2022-02-14,0.0036000001430511477
2022-02-15,0.004000000059604645
2022-02-16,0.0037299999594688415
2022-02-17,0.003449999988079071
2022-02-18,0.0031799998879432677
2022-02-22,0.0033000001311302186
2022-02-23,0.003400000035762787
2022-02-24,0.0028299999237060545
2022-02-25,0.0029800000786781313
2022-02-28,0.0028799998760223387
2022-03-01,0.0031299999356269835
2022-03-02,0.0032499998807907103
2022-03-03,0.003350000083446503
2022-03-04,0.003050000071525574
2022-03-07,0.003050000071525574
2022-03-08,0.0036000001430511477
2022-03-09,0.0037000000476837156
2022-03-10,0.0036000001430511477
2022-03-11,0.0036500000953674314
2022-03-14,0.0037799999117851257
2022-03-15,0.0044800001382827755
2022-03-16,0.0043299999833106995
2022-03-17,0.0036000001430511477
2022-03-18,0.00382999986410141
2022-03-21,0.004550000131130219
2022-03-22,0.005199999809265137
2022-03-23,0.004799999892711639
2022-03-24,0.004830000102519989
2022-03-25,0.005199999809265137
2022-03-28,0.0050800001621246335
2022-03-29,0.005550000071525574
2022-03-30,0.005249999761581421
2022-03-31,0.0049300000071525575
2022-04-01,0.005
2022-04-04,0.005379999876022339
2022-04-05,0.006679999828338623
2022-04-06,0.006629999876022339
2022-04-07,0.006600000262260437
2022-04-08,0.006679999828338623
2022-04-11,0.006800000071525574
2022-04-12,0.00737999975681305
2022-04-13,0.007400000095367431
2022-04-14,0.0074800002574920655
2022-04-18,0.007549999952316284
2022-04-19,0.008330000042915344
2022-04-20,0.007950000166893005
2022-04-21,0.00800000011920929
2022-04-22,0.007799999713897705
2022-04-25,0.007979999780654907
2022-04-26,0.008330000042915344
2022-04-27,0.008080000281333924
2022-04-28,0.007850000262260437
2022-04-29,0.008080000281333924
2022-05-02,0.007649999856948852
2022-05-03,0.008949999809265136
2022-05-04,0.008330000042915344
2022-05-05,0.008029999732971192
2022-05-06,0.008149999976158142
2022-05-09,0.00800000011920929
2022-05-10,0.008780000209808349
2022-05-11,0.008830000162124634
2022-05-12,0.009049999713897704
2022-05-13,0.009430000185966491
2022-05-16,0.009800000190734863
2022-05-17,0.010379999876022339
2022-05-18,0.01003000020980835
2022-05-19,0.01
2022-05-20,0.009779999852180482
2022-05-23,0.009929999709129333
2022-05-24,0.010429999828338622
2022-05-25,0.010449999570846557
2022-05-26,0.01027999997138977
2022-05-27,0.01024999976158142
2022-05-31,0.010299999713897705
2022-06-01,0.01103000044822693
2022-06-02,0.011130000352859498
2022-06-03,0.011349999904632568
2022-06-06,0.01159999966621399
2022-06-07,0.012250000238418579
2022-06-08,0.012330000400543212
2022-06-09,0.012380000352859497
2022-06-10,0.01287999987602234
2022-06-13,0.014980000257492066
2022-06-14,0.01743000030517578
2022-06-15,0.016950000524520874
2022-06-16,0.014830000400543213
2022-06-17,0.015099999904632568
2022-06-21,0.014880000352859498
2022-06-22,0.015449999570846558
2022-06-23,0.01559999942779541
2022-06-24,0.015980000495910644
2022-06-27,0.016330000162124634
2022-06-28,0.017380000352859498
2022-06-29,0.01705000042915344
2022-06-30,0.01600000023841858
2022-07-01,0.01603000044822693
2022-07-05,0.016299999952316284
2022-07-06,0.018400000333786012
2022-07-07,0.01853000044822693
2022-07-08,0.01843000054359436
2022-07-11,0.019529999494552613
2022-07-12,0.0211299991607666
2022-07-13,0.023229999542236326
2022-07-14,0.022730000019073486
2022-07-15,0.022400000095367432
2022-07-18,0.02259999990463257
2022-07-19,0.024500000476837158
2022-07-20,0.02378000020980835
2022-07-21,0.023599998950958254
2022-07-22,0.023550000190734863
2022-07-25,0.023929998874664307
2022-07-26,0.024749999046325685
2022-07-27,0.023829998970031737
2022-07-28,0.02308000087738037
2022-07-29,0.022980000972747803
2022-08-01,0.02265000104904175
2022-08-02,0.024630000591278078
2022-08-03,0.02427999973297119
2022-08-04,0.02378000020980835
2022-08-05,0.024100000858306884
2022-08-08,0.024600000381469728
2022-08-09,0.02569999933242798
2022-08-10,0.025350000858306885
2022-08-11,0.02490000009536743
2022-08-12,0.025
2022-08-15,0.025130000114440918
2022-08-16,0.025980000495910646
2022-08-17,0.02568000078201294
2022-08-18,0.02565000057220459
2022-08-19,0.025799999237060545
2022-08-22,0.026480000019073486
2022-08-23,0.027030000686645506
2022-08-24,0.027130000591278076
2022-08-25,0.027300000190734863
2022-08-26,0.02755000114440918
2022-08-29,0.027980000972747804
2022-08-30,0.02872999906539917
2022-08-31,0.02859999895095825
2022-09-01,0.0286299991607666
2022-09-02,0.028199999332427977
2022-09-06,0.028450000286102294
2022-09-07,0.02933000087738037
2022-09-08,0.02950000047683716
2022-09-09,0.029679999351501465
2022-09-12,0.02994999885559082
2022-09-13,0.03153000116348267
2022-09-14,0.03128000020980835
2022-09-15,0.030950000286102296
2022-09-16,0.03069999933242798
2022-09-19,0.030350000858306886
2022-09-20,0.03243000030517578
2022-09-21,0.03190000057220459
2022-09-22,0.03130000114440918
2022-09-23,0.031080000400543213
2022-09-26,0.031649999618530274
2022-09-27,0.0325
2022-09-28,0.03230000019073486
2022-09-29,0.03217999935150147
2022-09-30,0.03180000066757202
2022-10-03,0.03150000095367431
2022-10-04,0.03315000057220459
2022-10-05,0.03292999982833862
2022-10-06,0.032880001068115235
2022-10-07,0.03292999982833862
2022-10-10,0.03285000085830689
2022-10-11,0.033399999141693115
2022-10-12,0.03532999992370606
2022-10-13,0.0358299994468689
2022-10-14,0.03628000020980835
2022-10-17,0.03687999963760376
2022-10-18,0.0383299994468689
2022-10-19,0.03892999887466431
2022-10-20,0.038900001049041746
2022-10-21,0.038849999904632566
2022-10-24,0.03913000106811523
2022-10-25,0.039649999141693114
2022-10-26,0.03930000066757202
2022-10-27,0.03930000066757202
2022-10-28,0.039700000286102294
2022-10-31,0.03974999904632568
2022-11-01,0.040500001907348634
2022-11-02,0.040250000953674314
2022-11-03,0.040250000953674314
2022-11-04,0.04013000011444092
2022-11-07,0.039830000400543214
2022-11-08,0.04090000152587891
2022-11-09,0.04092999935150146
2022-11-10,0.04054999828338623
2022-11-11,0.04063000202178955
2022-11-14,0.04067999839782715
2022-11-15,0.04130000114440918
2022-11-16,0.04125
2022-11-17,0.0411299991607666
2022-11-18,0.04135000228881836
2022-11-21,0.04098000049591064
2022-11-22,0.04197999954223633
2022-11-23,0.04199999809265137
2022-11-25,0.041750001907348636
2022-11-28,0.04183000087738037
2022-11-29,0.042529997825622556
2022-11-30,0.042529997825622556
2022-12-01,0.04192999839782715
2022-12-02,0.04208000183105469
2022-12-05,0.041579999923706056
2022-12-06,0.0421999979019165
2022-12-07,0.04183000087738037
2022-12-08,0.041500000953674315
2022-12-09,0.04172999858856201
2022-12-12,0.041680002212524415
2022-12-13,0.04248000144958496
2022-12-14,0.0421999979019165
2022-12-15,0.04212999820709228
2022-12-16,0.041630001068115235
2022-12-19,0.041630001068115235
2022-12-20,0.04230000019073486
2022-12-21,0.04204999923706055
2022-12-22,0.04208000183105469
2022-12-23,0.04192999839782715
2022-12-27,0.04195000171661377
2022-12-28,0.043379998207092284
2022-12-29,0.04295000076293945
2022-12-30,0.042600002288818356
2023-01-03,0.04255000114440918
2023-01-04,0.04400000095367432
2023-01-05,0.04498000144958496
2023-01-06,0.04493000030517578
2023-01-09,0.044829998016357425
2023-01-10,0.04565000057220459
2023-01-11,0.04554999828338623
2023-01-12,0.044749999046325685
2023-01-13,0.0448799991607666
2023-01-17,0.04493000030517578
2023-01-18,0.0453000020980835
2023-01-19,0.04525000095367432
2023-01-20,0.04538000106811523
2023-01-23,0.04534999847412109
2023-01-24,0.045729999542236326
2023-01-25,0.04545000076293945
2023-01-26,0.04543000221252441
2023-01-27,0.04547999858856201
2023-01-30,0.04534999847412109
2023-01-31,0.04570000171661377
2023-02-01,0.04519999980926514
2023-02-02,0.04510000228881836
2023-02-03,0.04522999763488769
2023-02-06,0.04532999992370605
2023-02-07,0.04570000171661377
2023-02-08,0.045850000381469726
2023-02-09,0.0461299991607666
2023-02-10,0.04635000228881836
2023-02-13,0.04644999980926514
2023-02-14,0.04659999847412109
2023-02-15,0.0464300012588501
2023-02-16,0.04664999961853027
2023-02-17,0.046799998283386234
2023-02-21,0.04688000202178955
2023-02-22,0.046950001716613766
2023-02-23,0.046900000572204587
2023-02-24,0.04703000068664551
2023-02-27,0.04664999961853027
2023-02-28,0.04710000038146973
2023-03-01,0.04724999904632568
2023-03-02,0.04723000049591065
2023-03-03,0.04717999935150147
2023-03-06,0.04728000164031983
2023-03-07,0.0484499979019165
2023-03-08,0.048829998970031735
2023-03-09,0.04848000049591064
2023-03-10,0.048029999732971194
2023-03-13,0.04657999992370605
2023-03-14,0.046799998283386234
2023-03-15,0.04558000087738037
2023-03-16,0.0453000020980835
2023-03-17,0.04293000221252442
2023-03-20,0.044650001525878905
2023-03-21,0.046050000190734866
2023-03-22,0.04563000202178955
2023-03-23,0.04502999782562256
2023-03-24,0.04502999782562256
2023-03-27,0.045830001831054686
2023-03-28,0.04627999782562256
2023-03-29,0.04630000114440918
2023-03-30,0.04664999961853027
2023-03-31,0.045850000381469726
2023-04-03,0.04570000171661377
2023-04-04,0.04728000164031983
2023-04-05,0.04704999923706055
2023-04-06,0.04710000038146973
2023-04-10,0.04837999820709229
2023-04-11,0.04880000114440918
2023-04-12,0.04860000133514404
2023-04-13,0.04855000019073486
2023-04-14,0.049029998779296875
2023-04-17,0.04922999858856201
2023-04-18,0.050300002098083496
2023-04-19,0.04994999885559082
2023-04-20,0.04945000171661377
2023-04-21,0.04949999809265137
2023-04-24,0.04873000144958496
2023-04-25,0.04953000068664551
2023-04-26,0.04985000133514404
2023-04-27,0.05
2023-04-28,0.04922999858856201
2023-05-01,0.04864999771118164
2023-05-02,0.050399999618530276
2023-05-03,0.050949997901916504
2023-05-04,0.05054999828338623
2023-05-05,0.05079999923706055
2023-05-08,0.05083000183105469
2023-05-09,0.051230001449584964
2023-05-10,0.05065000057220459
2023-05-11,0.050149998664855956
2023-05-12,0.050279998779296876
2023-05-15,0.05
2023-05-16,0.05058000087738037
2023-05-17,0.050879998207092283
2023-05-18,0.05125
2023-05-19,0.05085000038146972
2023-05-22,0.050949997901916504
2023-05-23,0.05152999877929688
2023-05-24,0.05184999942779541
2023-05-25,0.05163000106811524
2023-05-26,0.051149997711181644
2023-05-30,0.0514300012588501
2023-05-31,0.05248000144958496
2023-06-01,0.05203000068664551
2023-06-02,0.052150001525878904
2023-06-05,0.0514300012588501
2023-06-06,0.05157999992370606
2023-06-07,0.05152999877929688
2023-06-08,0.050999999046325684
2023-06-09,0.050949997901916504
2023-06-12,0.050949997901916504
2023-06-13,0.050999999046325684
2023-06-14,0.05079999923706055
2023-06-15,0.05054999828338623
2023-06-16,0.05065000057220459
2023-06-20,0.05074999809265137
2023-06-21,0.05135000228881836
2023-06-22,0.05135000228881836
2023-06-23,0.05138000011444092
2023-06-26,0.0515500020980835
2023-06-27,0.05179999828338623
2023-06-28,0.05170000076293945
2023-06-29,0.05175000190734863
2023-06-30,0.05152999877929688
2023-07-03,0.05144999980926514
2023-07-05,0.05192999839782715
2023-07-06,0.052129998207092285
2023-07-07,0.052129998207092285
2023-07-10,0.052249999046325685
2023-07-11,0.05243000030517578
2023-07-12,0.052300000190734865
2023-07-13,0.052230000495910645
2023-07-14,0.052150001525878904
2023-07-17,0.052329998016357425
2023-07-18,0.05248000144958496
2023-07-19,0.05244999885559082
2023-07-20,0.05243000030517578
2023-07-21,0.05248000144958496
2023-07-24,0.0525
2023-07-25,0.05264999866485596
2023-07-26,0.0526800012588501
2023-07-27,0.0526800012588501
2023-07-28,0.05255000114440918
2023-07-31,0.05248000144958496
2023-08-01,0.05260000228881836
2023-08-02,0.05260000228881836
2023-08-03,0.05257999897003174
2023-08-04,0.05252999782562256
2023-08-07,0.05260000228881836
2023-08-08,0.05275000095367432
2023-08-09,0.0528000020980835
2023-08-10,0.0526800012588501
2023-08-11,0.05264999866485596
2023-08-14,0.05269999980926514
2023-08-15,0.0528000020980835
2023-08-16,0.05284999847412109
2023-08-17,0.05277999877929687
2023-08-18,0.05277999877929687
2023-08-21,0.0528000020980835
2023-08-22,0.05295000076293945
2023-08-23,0.05295000076293945
2023-08-24,0.05302999973297119
2023-08-25,0.05315000057220459
2023-08-28,0.053229999542236325
2023-08-29,0.05320000171661377
2023-08-30,0.05315000057220459
2023-08-31,0.05297999858856201
2023-09-01,0.0526800012588501
2023-09-05,0.05277999877929687
2023-09-06,0.05300000190734863
2023-09-07,0.05282999992370605
2023-09-08,0.05293000221252441
2023-09-11,0.05293000221252441
2023-09-12,0.05304999828338623
2023-09-13,0.05304999828338623
2023-09-14,0.05295000076293945
2023-09-15,0.05297999858856201
2023-09-18,0.05300000190734863
2023-09-19,0.05309999942779541
2023-09-20,0.05315000057220459
2023-09-21,0.05304999828338623
2023-09-22,0.05304999828338623
2023-09-25,0.05313000202178955
2023-09-26,0.053249998092651366
2023-09-27,0.053299999237060545
2023-09-28,0.05308000087738037
2023-09-29,0.05300000190734863
2023-10-02,0.05315000057220459
2023-10-03,0.053400001525878905
2023-10-04,0.053350000381469725
2023-10-05,0.053249998092651366
2023-10-06,0.053480000495910646
2023-10-09,0.053480000495910646
2023-10-10,0.053229999542236325
2023-10-11,0.053350000381469725
2023-10-12,0.053350000381469725
2023-10-13,0.053280000686645505
2023-10-16,0.053280000686645505
2023-10-17,0.053400001525878905
2023-10-18,0.053299999237060545
2023-10-19,0.05309999942779541
2023-10-20,0.05300000190734863
2023-10-23,0.05293000221252441
2023-10-24,0.05308000087738037
2023-10-25,0.05315000057220459
2023-10-26,0.05300000190734863
2023-10-27,0.05304999828338623
2023-10-30,0.05313000202178955
2023-10-31,0.05320000171661377
2023-11-01,0.05300000190734863
2023-11-02,0.05269999980926514
2023-11-03,0.05252999782562256
2023-11-06,0.05260000228881836
2023-11-07,0.0527299976348877
2023-11-08,0.0526800012588501
2023-11-09,0.05263000011444092
2023-11-10,0.0525
2023-11-13,0.05260000228881836
2023-11-14,0.05252999782562256
2023-11-15,0.05255000114440918
2023-11-16,0.05243000030517578
2023-11-17,0.052329998016357425
2023-11-20,0.052379999160766605
2023-11-21,0.05255000114440918
2023-11-22,0.05264999866485596
2023-11-24,0.05252999782562256
2023-11-27,0.05257999897003174
2023-11-28,0.05260000228881836
2023-11-29,0.05239999771118164
2023-11-30,0.052379999160766605
2023-12-01,0.052150001525878904
2023-12-04,0.052230000495910645
2023-12-05,0.05243000030517578
2023-12-06,0.05243000030517578
2023-12-07,0.052329998016357425
2023-12-08,0.052329998016357425
2023-12-11,0.052329998016357425
2023-12-12,0.05248000144958496
2023-12-13,0.052230000495910645
2023-12-14,0.052150001525878904
2023-12-15,0.052249999046325685
2023-12-18,0.052249999046325685
2023-12-19,0.052379999160766605
2023-12-20,0.052300000190734865
2023-12-21,0.052100000381469724
2023-12-22,0.052080001831054684
2023-12-26,0.05203000068664551
2023-12-27,0.052350001335144045
2023-12-28,0.052179999351501465
2023-12-29,0.05179999828338623
2024-01-02,0.052129998207092285
2024-01-03,0.052350001335144045
2024-01-04,0.052280001640319824
2024-01-05,0.052199997901916505
2024-01-08,0.052199997901916505
2024-01-09,0.052300000190734865
2024-01-10,0.052249999046325685
2024-01-11,0.052179999351501465
2024-01-12,0.05197999954223633
2024-01-16,0.05203000068664551
2024-01-17,0.052150001525878904
2024-01-18,0.051999998092651364
2024-01-19,0.05197999954223633
2024-01-22,0.051999998092651364
2024-01-23,0.052100000381469724
2024-01-24,0.052100000381469724
2024-01-25,0.05195000171661377
2024-01-26,0.051999998092651364
2024-01-29,0.051999998092651364
2024-01-30,0.05203000068664551
2024-01-31,0.05188000202178955
2024-02-01,0.051999998092651364
2024-02-02,0.052100000381469724
2024-02-05,0.052280001640319824
2024-02-06,0.052230000495910645
2024-02-07,0.052230000495910645
2024-02-08,0.052179999351501465
2024-02-09,0.052199997901916505
2024-02-12,0.052280001640319824
2024-02-13,0.052329998016357425
2024-02-14,0.052179999351501465
2024-02-15,0.052179999351501465
2024-02-16,0.052230000495910645
2024-02-20,0.052129998207092285
2024-02-21,0.052350001335144045
2024-02-22,0.052329998016357425
2024-02-23,0.05239999771118164
2024-02-26,0.0525
2024-02-27,0.05244999885559082
2024-02-28,0.05239999771118164
2024-02-29,0.052230000495910645
2024-03-01,0.052150001525878904
2024-03-04,0.052230000495910645
2024-03-05,0.052249999046325685
2024-03-06,0.052300000190734865
2024-03-07,0.052280001640319824
2024-03-08,0.052280001640319824
2024-03-11,0.05239999771118164
2024-03-12,0.05239999771118164
2024-03-13,0.052379999160766605
2024-03-14,0.052379999160766605
2024-03-15,0.052379999160766605
2024-03-18,0.052379999160766605
2024-03-19,0.052379999160766605
2024-03-20,0.052280001640319824
2024-03-21,0.052280001640319824
2024-03-22,0.052199997901916505
2024-03-25,0.052179999351501465
2024-03-26,0.052179999351501465
2024-03-27,0.052150001525878904
2024-03-28,0.05203000068664551
2024-04-01,0.052179999351501465
2024-04-02,0.052129998207092285
2024-04-03,0.052100000381469724
2024-04-04,0.05203000068664551
2024-04-05,0.052150001525878904
2024-04-08,0.052230000495910645
2024-04-09,0.052199997901916505
2024-04-10,0.05243000030517578
2024-04-11,0.052379999160766605
2024-04-12,0.052300000190734865
2024-04-15,0.052379999160766605
2024-04-16,0.052329998016357425
2024-04-17,0.05239999771118164
2024-04-18,0.05243000030517578
2024-04-19,0.05244999885559082
2024-04-22,0.05244999885559082
2024-04-23,0.05244999885559082
2024-04-24,0.05255000114440918
2024-04-25,0.05244999885559082
2024-04-26,0.052379999160766605
2024-04-29,0.05243000030517578
2024-04-30,0.05244999885559082
2024-05-01,0.0525
2024-05-02,0.052379999160766605
2024-05-03,0.052350001335144045
2024-05-06,0.05239999771118164
2024-05-07,0.05243000030517578
2024-05-08,0.05244999885559082
2024-05-09,0.05239999771118164
2024-05-10,0.05243000030517578
2024-05-13,0.05239999771118164
2024-05-14,0.052350001335144045
2024-05-15,0.05239999771118164
2024-05-16,0.05243000030517578
2024-05-17,0.05239999771118164
2024-05-20,0.05239999771118164
2024-05-21,0.05239999771118164
2024-05-22,0.05244999885559082
2024-05-23,0.05244999885559082
2024-05-24,0.05244999885559082
2024-05-28,0.05248000144958496
2024-05-29,0.0525
2024-05-30,0.05248000144958496
2024-05-31,0.05244999885559082
2024-06-03,0.05243000030517578
2024-06-04,0.05239999771118164
2024-06-05,0.05239999771118164
2024-06-06,0.052329998016357425
2024-06-07,0.052379999160766605
2024-06-10,0.052329998016357425
2024-06-11,0.05244999885559082
2024-06-12,0.05243000030517578
2024-06-13,0.05239999771118164
2024-06-14,0.05239999771118164
2024-06-17,0.05243000030517578
2024-06-18,0.052350001335144045
2024-06-20,0.052249999046325685
2024-06-21,0.052150001525878904
2024-06-24,0.052100000381469724
2024-06-25,0.052230000495910645
2024-06-26,0.052300000190734865
2024-06-27,0.052230000495910645
2024-06-28,0.052129998207092285
2024-07-01,0.052179999351501465
2024-07-02,0.052280001640319824
2024-07-03,0.052300000190734865
2024-07-05,0.052249999046325685
2024-07-08,0.052179999351501465
2024-07-09,0.052249999046325685
2024-07-10,0.052249999046325685
2024-07-11,0.05197999954223633
2024-07-12,0.05197999954223633
2024-07-15,0.05192999839782715
2024-07-16,0.05192999839782715
2024-07-17,0.05195000171661377
2024-07-18,0.05192999839782715
2024-07-19,0.05192999839782715
2024-07-22,0.05190000057220459
2024-07-23,0.05172999858856201
2024-07-24,0.05170000076293945
2024-07-25,0.05159999847412109
2024-07-26,0.0515500020980835
2024-07-29,0.05146999835968018
2024-07-30,0.05135000228881836
2024-07-31,0.05135000228881836
2024-08-01,0.051149997711181644
2024-08-02,0.050300002098083496
2024-08-05,0.05059999942779541
2024-08-06,0.05079999923706055
2024-08-07,0.05079999923706055
2024-08-08,0.05083000183105469
2024-08-09,0.05074999809265137
2024-08-12,0.05072999954223633
2024-08-13,0.05052999973297119
2024-08-14,0.05063000202178955
2024-08-15,0.05079999923706055
2024-08-16,0.05074999809265137
2024-08-19,0.05063000202178955
2024-08-20,0.050329999923706056
2024-08-21,0.05005000114440918
2024-08-22,0.050250000953674316
2024-08-23,0.05
2024-08-26,0.04998000144958496
2024-08-27,0.04967999935150146
2024-08-28,0.04954999923706055
2024-08-29,0.04965000152587891
2024-08-30,0.04967999935150146
2024-09-03,0.0496999979019165
2024-09-04,0.04947999954223633
2024-09-05,0.04932000160217285
2024-09-06,0.049079999923706055
2024-09-09,0.048949999809265135
2024-09-10,0.04835000038146973
2024-09-11,0.04875
2024-09-12,0.04840000152587891
2024-09-13,0.04763000011444092
2024-09-16,0.04744999885559082
2024-09-17,0.04735000133514404
2024-09-18,0.04614999771118164
2024-09-19,0.045929999351501466
2024-09-20,0.04545000076293945
2024-09-23,0.04502999782562256
2024-09-24,0.04494999885559082
2024-09-25,0.044869999885559085
2024-09-26,0.044679999351501465
2024-09-27,0.044819998741149905
2024-09-30,0.04498000144958496
2024-10-01,0.044819998741149905
2024-10-02,0.044730000495910645
2024-10-03,0.044650001525878905
2024-10-04,0.04505000114440918
2024-10-07,0.04525000095367432
2024-10-08,0.04527999877929687
2024-10-09,0.04534999847412109
2024-10-10,0.0453000020980835
2024-10-11,0.04514999866485596
2024-10-14,0.0451800012588501
2024-10-15,0.04514999866485596
2024-10-16,0.04502999782562256
2024-10-17,0.04514999866485596
2024-10-18,0.04513000011444092
2024-10-21,0.0451800012588501
2024-10-22,0.045
2024-10-23,0.04505000114440918
2024-10-24,0.044869999885559085
2024-10-25,0.04510000228881836
2024-10-28,0.044819998741149905
2024-10-29,0.044800000190734865
2024-10-30,0.044629998207092285
2024-10-31,0.04432000160217285
2024-11-01,0.04400000095367432
2024-11-04,0.04418000221252441
2024-11-05,0.04422999858856201
2024-11-06,0.04429999828338623
2024-11-07,0.04420000076293945
2024-11-08,0.04422999858856201
2024-11-11,0.04414999961853027
2024-11-12,0.04422999858856201
2024-11-13,0.04389999866485596
2024-11-14,0.04382999897003174
2024-11-15,0.0439300012588501
2024-11-18,0.04402999877929688
2024-11-19,0.04407999992370606
2024-11-20,0.04409999847412109
2024-11-21,0.04413000106811524
2024-11-22,0.04414999961853027
2024-11-25,0.0440500020980835
2024-11-26,0.04394999980926514
2024-11-27,0.04385000228881836
2024-11-29,0.043730001449584964
2024-12-02,0.04380000114440918
2024-12-03,0.043569998741149904
2024-12-04,0.043449997901916504
2024-12-05,0.043299999237060544
2024-12-06,0.04295000076293945
2024-12-09,0.04293000221252442
2024-12-10,0.0428499984741211
2024-12-11,0.04255000114440918
2024-12-12,0.04223000049591064
2024-12-13,0.04217999935150146
2024-12-16,0.04228000164031982
2024-12-17,0.04239999771118164
2024-12-18,0.0423199987411499
2024-12-19,0.0421999979019165
2024-12-20,0.04215000152587891
2024-12-23,0.04215000152587891
2024-12-24,0.04199999809265137
2024-12-26,0.04215000152587891
2024-12-27,0.04177999973297119
2024-12-30,0.04182000160217285
2024-12-31,0.04208000183105469
2025-01-02,0.04208000183105469
2025-01-03,0.04192999839782715
2025-01-06,0.04190000057220459
2025-01-07,0.04203000068664551
2025-01-08,0.04204999923706055
2025-01-10,0.04212999820709228
2025-01-13,0.04217999935150146
2025-01-14,0.04212999820709228
2025-01-15,0.04204999923706055
2025-01-16,0.04195000171661377
2025-01-17,0.04192999839782715
2025-01-21,0.04197000026702881
2025-01-22,0.04215000152587891
2025-01-23,0.04212999820709228
2025-01-24,0.04204999923706055
2025-01-27,0.04188000202178955
2025-01-28,0.04190000057220459
2025-01-29,0.04188000202178955
2025-01-30,0.04182000160217285
2025-01-31,0.04188000202178955
2025-02-03,0.04190000057220459
2025-02-04,0.04212999820709228
2025-02-05,0.04210000038146973
2025-02-06,0.04212999820709228
2025-02-07,0.04228000164031982
2025-02-10,0.04228000164031982
2025-02-11,0.04224999904632568
2025-02-12,0.04228000164031982
2025-02-13,0.04212999820709228
2025-02-14,0.04212999820709228
2025-02-18,0.04212999820709228
2025-02-19,0.04217999935150146
2025-02-20,0.04204999923706055
2025-02-21,0.04197000026702881
2025-02-24,0.04190000057220459
2025-02-25,0.04182000160217285
2025-02-26,0.04192999839782715
2025-02-27,0.04195000171661377
2025-02-28,0.04192999839782715
2025-03-03,0.04192999839782715
2025-03-04,0.04195000171661377
2025-03-05,0.04204999923706055
2025-03-06,0.04197000026702881
2025-03-07,0.04197000026702881
2025-03-10,0.04184999942779541
2025-03-11,0.04195000171661377
2025-03-12,0.04197000026702881
2025-03-13,0.04188000202178955
2025-03-14,0.04188000202178955
2025-03-17,0.04188000202178955
2025-03-18,0.04195000171661377
2025-03-19,0.04190000057220459
2025-03-20,0.04182000160217285
2025-03-21,0.04184999942779541
2025-03-24,0.04182000160217285
2025-03-25,0.04182000160217285
2025-03-26,0.04190000057220459
2025-03-27,0.04188000202178955
2025-03-28,0.04188000202178955
2025-03-31,0.04192999839782715
2025-04-01,0.04199999809265137
2025-04-02,0.04203000068664551
2025-04-03,0.04184999942779541
2025-04-04,0.041550002098083495
2025-04-07,0.041500000953674315
2025-04-08,0.04177999973297119
2025-04-09,0.04228000164031982
2025-04-10,0.04197000026702881
2025-04-11,0.04212999820709228
2025-04-14,0.04195000171661377
2025-04-15,0.04199999809265137
2025-04-16,0.04208000183105469
2025-04-17,0.04204999923706055
2025-04-21,0.04210000038146973
2025-04-22,0.04212999820709228
2025-04-23,0.04208000183105469
2025-04-24,0.04197000026702881
2025-04-25,0.04192999839782715
2025-04-28,0.04192999839782715
2025-04-29,0.04190000057220459
2025-04-30,0.04190000057220459
2025-05-01,0.04184999942779541
2025-05-02,0.04208000183105469
2025-05-05,0.04208000183105469
2025-05-06,0.04210000038146973
2025-05-07,0.04215000152587891
2025-05-08,0.04215000152587891
2025-05-09,0.04215000152587891
2025-05-12,0.042800002098083496
2025-05-13,0.0428499984741211
2025-05-14,0.0428499984741211
2025-05-15,0.042579998970031736
2025-05-16,0.04236999988555908
2025-05-19,0.04239999771118164
2025-05-20,0.04248000144958496
2025-05-21,0.04235000133514404
2025-05-22,0.0423199987411499
2025-05-23,0.04230000019073486
2025-05-27,0.04203000068664551
2025-05-28,0.04224999904632568
2025-05-29,0.04230000019073486
2025-05-30,0.0423199987411499
2025-06-02,0.0423199987411499
2025-06-03,0.04235000133514404
2025-06-04,0.04239999771118164
2025-06-05,0.0423199987411499
2025-06-06,0.0423199987411499
2025-06-09,0.04239999771118164
2025-06-10,0.0425
2025-06-11,0.0425
2025-06-12,0.042579998970031736
2025-06-13,0.04239999771118164
2025-06-16,0.04248000144958496
2025-06-17,0.04217999935150146
2025-06-18,0.04223000049591064
2025-06-20,0.04195000171661377
2025-06-23,0.041579999923706056
2025-06-24,0.04182000160217285
2025-06-25,0.04188000202178955
2025-06-26,0.04192999839782715
2025-06-27,0.04197000026702881
2025-06-30,0.04190000057220459
2025-07-01,0.04224999904632568
2025-07-02,0.04223000049591064
2025-07-03,0.04239999771118164
2025-07-07,0.04244999885559082
2025-07-08,0.0425
2025-07-09,0.04244999885559082
2025-07-10,0.04239999771118164
2025-07-11,0.04236999988555908
2025-07-14,0.04228000164031982
2025-07-15,0.0423199987411499
2025-07-16,0.04224999904632568
2025-07-17,0.04235000133514404
2025-07-18,0.04230000019073486
2025-07-21,0.04223000049591064
2025-07-22,0.04230000019073486
2025-07-23,0.04239999771118164
2025-07-24,0.04244999885559082
2025-07-25,0.04244999885559082
2025-07-28,0.04235000133514404
2025-07-29,0.04230000019073486
2025-07-30,0.0423199987411499
2025-07-31,0.04235000133514404
2025-08-01,0.04182000160217285
2025-08-04,0.041529998779296876
2025-08-05,0.041500000953674315
2025-08-06,0.041329998970031735
2025-08-07,0.041380000114440915
2025-08-08,0.041329998970031735
2025-08-11,0.041430001258850095
2025-08-12,0.04130000114440918
2025-08-13,0.04110000133514404
2025-08-14,0.04111999988555908
2025-08-15,0.04111999988555908
2025-08-18,0.04123000144958496
2025-08-19,0.04110000133514404
2025-08-20,0.04114999771118164
2025-08-21,0.041279997825622555
2025-08-22,0.04087999820709229
2025-08-25,0.04092999935150146
2025-08-26,0.04087999820709229
2025-08-27,0.04059999942779541
2025-08-28,0.04072000026702881
2025-08-29,0.040430002212524414
2025-09-02,0.040320000648498534
2025-09-03,0.0401800012588501
2025-09-04,0.03997999906539917
2025-09-05,0.03910000085830689
2025-09-08,0.039279999732971194
2025-09-09,0.03943000078201294
2025-09-10,0.03930000066757202
2025-09-11,0.039279999732971194
2025-09-12,0.039279999732971194
2025-09-15,0.03900000095367431
2025-09-16,0.038900001049041746
2025-09-17,0.03868000030517578
2025-09-18,0.03880000114440918
2025-09-19,0.038780000209808346
2025-09-22,0.038480000495910646
2025-09-23,0.03845000028610229
2025-09-24,0.03858000040054321
2025-09-25,0.03882999897003174
2025-09-26,0.03859999895095825
2025-09-29,0.0386299991607666
2025-09-30,0.03845000028610229
2025-10-01,0.03845000028610229
2025-10-02,0.038480000495910646
2025-10-03,0.03858000040054321
2025-10-06,0.03859999895095825
2025-10-07,0.038429999351501466
2025-10-08,0.038429999351501466
2025-10-09,0.03852999925613403
2025-10-10,0.03852999925613403
2025-10-13,0.03852999925613403
2025-10-14,0.03852999925613403
2025-10-15,0.03858000040054321
2025-10-16,0.03852999925613403
2025-10-17,0.03832000017166138
2025-10-20,0.037980000972747806
2025-10-21,0.037850000858306886
2025-10-22,0.03788000106811523
2025-10-23,0.03788000106811523
2025-10-24,0.03763000011444092
2025-10-27,0.037179999351501465
2025-10-28,0.03720000028610229
2025-10-29,0.037300000190734865
2025-10-30,0.03756999969482422
2025-10-31,0.037179999351501465
2025-11-03,0.03782999992370605
2025-11-04,0.037929999828338626
2025-11-05,0.03788000106811523
2025-11-06,0.03763000011444092
2025-11-07,0.03756999969482422
2025-11-10,0.03782999992370605
2025-11-11,0.03782999992370605
2025-11-12,0.037780001163482665
2025-11-13,0.037929999828338626
2025-11-14,0.03788000106811523
2025-11-17,0.037720000743865965
2025-11-18,0.037720000743865965
2025-11-19,0.037720000743865965
2025-11-20,0.03775000095367432
2025-11-21,0.03740000009536743
2025-11-24,0.037300000190734865
2025-11-25,0.03732000112533569
2025-11-26,0.03753000020980835
2025-11-28,0.03697000026702881
2025-12-01,0.03693000078201294
2025-12-02,0.03671999931335449
2025-12-03,0.03634999990463257
2025-12-04,0.036119999885559084
2025-12-05,0.03602999925613403
2025-12-08,0.036180000305175784
2025-12-09,0.03631999969482422
2025-12-10,0.035929999351501464
2025-12-11,0.03568000078201294
2025-12-12,0.03525000095367432
2025-12-15,0.03538000106811524
2025-12-16,0.03545000076293945
2025-12-17,0.035429999828338624
2025-12-18,0.03522000074386597
2025-12-19,0.03522000074386597
2025-12-22,0.03528000116348266
2025-12-23,0.03546999931335449
2025-12-24,0.035550000667572024
2025-12-26,0.035429999828338624
2025-12-29,0.03538000106811524
2025-12-30,0.03539999961853027
2025-12-31,0.03546999931335449
2026-01-02,0.03532999992370606
2026-01-05,0.03515000104904175
2026-01-06,0.03519999980926514
2026-01-07,0.03515000104904175
2026-01-08,0.035069999694824217
2026-01-09,0.03513000011444092
2026-01-12,0.03532999992370606
2026-01-13,0.03559999942779541
2026-01-14,0.03559999942779541
2026-01-15,0.03565000057220459
2026-01-16,0.035569999217987064
2026-01-20,0.03572000026702881
2026-01-21,0.03588000059127808
2026-01-22,0.03588000059127808
2026-01-23,0.03582000017166138
2026-01-26,0.03575000047683716
2026-01-27,0.03569999933242798
2026-01-28,0.03582000017166138
2026-01-29,0.035799999237060544
2026-01-30,0.03572000026702881
2026-02-02,0.03578000068664551
2026-02-03,0.03589999914169312
2026-02-04,0.0359500002861023
2026-02-05,0.03578000068664551
2026-02-06,0.03589999914169312
2026-02-09,0.035929999351501464
2026-02-10,0.03589999914169312
2026-02-11,0.035999999046325684
2026-02-12,0.035980000495910644
2026-02-13,0.035929999351501464
2026-02-17,0.035929999351501464
2026-02-18,0.03602999925613403
2026-02-19,0.0359500002861023
2026-02-20,0.0359500002861023
2026-02-23,0.03588000059127808
2026-02-24,0.03588000059127808
2026-02-25,0.03588000059127808
2026-02-26,0.03588000059127808
2026-02-27,0.03578000068664551
2026-03-02,0.03589999914169312
2026-03-03,0.0359500002861023
2026-03-04,0.0359500002861023
2026-03-05,0.03588000059127808
2026-03-06,0.03569999933242798
2026-03-09,0.035929999351501464
2026-03-10,0.0359500002861023
2026-03-11,0.035999999046325684
2026-03-12,0.036050000190734864
2026-03-13,0.03602999925613403
2026-03-16,0.036050000190734864
2026-03-17,0.036050000190734864
2026-03-18,0.03609999895095825
2026-03-19,0.036119999885559084
2026-03-20,0.036180000305175784
2026-03-23,0.036119999885559084
2026-03-24,0.03619999885559082
2026-03-25,0.03619999885559082
2026-03-26,0.03619999885559082
2026-03-27,0.03607000112533569
