Date,ACC.NS,ADANIENT.NS,ADANIPORTS.NS,AMBUJACEM.NS,APOLLOHOSP.NS,ASIANPAINT.NS,AUROPHARMA.NS,AXISBANK.NS,BAJAJ-AUTO.NS,BAJAJFINSV.NS,BAJAJHLDNG.NS,BANKBARODA.NS,BANKINDIA.NS,BHARATFORG.NS,BHARTIARTL.NS,BHEL.NS,BOSCHLTD.NS,BPCL.NS,CANBK.NS,CIPLA.NS,COALINDIA.NS,COLPAL.NS,CONCOR.NS,DABUR.NS,DIVISLAB.NS,DRREDDY.NS,FEDERALBNK.NS,GAIL.NS,GODREJCP.NS,GRASIM.NS,HCLTECH.NS,HDFCBANK.NS,HEROMOTOCO.NS,HINDALCO.NS,HINDUNILVR.NS,ICICIBANK.NS,INDUSINDBK.NS,INFY.NS,ITC.NS,JSWSTEEL.NS,KOTAKBANK.NS,LT.NS,MARUTI.NS,NTPC.NS,ONGC.NS,RELIANCE.NS,SBIN.NS,SUNPHARMA.NS,TCS.NS,WIPRO.NS
2015-02-28,0.07241510937692386,0.13398691324224465,0.015247193644077894,0.08321594998659476,-0.008678771985992095,-0.05899158490545775,-0.17050679429108628,-0.035622975364240084,-0.10084862065656275,-0.01754700533788034,-0.010565486478281372,-0.06290430015566739,-0.11511723924225237,0.21073007966281376,-0.049505049548915214,-0.06952783596722889,0.11605811068017902,-0.006142622010329446,-0.0792055668590016,-0.03722600099697915,0.09533055134225332,0.0242863552924808,0.1161460121916833,0.03473185037699911,-0.02476544736095332,0.01385604626550796,0.0024671040852952686,-0.03853410999638052,0.081350609943178,-0.035735934724051566,0.13327681454937923,-0.021673457396547136,-0.06731812618898947,0.11059372172503656,-0.0486838059437158,-0.07055710936404669,-0.00655008075595076,0.05782254932714559,0.06824039854221864,0.032942693970486214,0.011760829046620902,0.034341968115925825,-0.011775721791852045,0.10880310767216073,-0.0757082429841639,-0.06522813775453962,-0.029292655824537106,-0.04233176760959889,0.07264222878531834,0.07872399874571379
2015-03-31,-0.055202780458671,-0.13495469601770582,-0.10989164726268807,-0.05251425870386195,0.051491697368592826,0.005141541471599842,0.18240370508784576,-0.01225421285467787,-0.06226459170324894,-0.005344068310824346,-0.06791544259221782,-0.09668517841220148,-0.16871816453539734,0.022297706471977374,0.10726340888757546,-0.13122919234459152,-0.04392586184214453,0.08941908047535296,-0.09863978074861424,0.0635963639262127,-0.031036246594806083,0.048513949927932565,0.018781819151235446,0.0015085356469255462,0.05075920156057112,0.06427620970224268,-0.07137839487343234,-0.04647194805200627,-0.09206278503786558,-0.0328149074958598,-0.03026697111348553,-0.029696520725418396,-0.01227255523811821,-0.16854666341835645,-0.015330204714520068,-0.05891137688929582,0.024869810732692565,-0.02092046790383084,-0.1723393647094813,-0.10211459635256315,-0.018314479657503213,-0.022342906147892583,0.025787927338467354,-0.07320922429422871,-0.044502090088390456,-0.034539149484091425,-0.1095364801369424,0.16497885246227328,-0.04071623962652482,-0.03889642445278041
2015-04-30,-0.08257878476587588,0.09563657883686338,0.03033719929019507,-0.08969841458125216,-0.16947838285743744,-0.06021181616202298,0.05243125194802123,0.013566425003055826,-0.0336953404801692,0.014386443947187688,-0.0024298501584909538,0.03363909066091075,0.10594836721634548,-0.01730816942114588,-0.03101949398771764,0.011472003378748763,-0.11476753188433597,-0.05679607310562684,0.028684056212040066,-0.10730583303521468,-0.0004133434902271471,-0.009182004066975002,0.03589225540979779,-0.05140282217369718,-0.03472503295038243,-0.051164542315574546,-0.004922357618451612,-0.07091276988944573,0.010375095010071611,-0.009123735998173621,-0.09781442216525738,-0.033147501516848865,-0.11777415970272176,-0.003100617395288552,-0.026558070068324113,0.04960374030212633,-0.07020313908368936,-0.1244615902166194,-0.010741121837469336,0.02829414551418563,0.014962843333450326,-0.051376749752312656,0.007708256016625281,0.023493271992486298,-0.0076711575921887265,0.044007262934868896,0.010110530500761605,-0.08306463676263787,-0.03533750054335172,-0.14351603224082066
2015-05-31,0.05489281036380911,0.047611961526210056,0.02306972440727728,0.022375191088022772,0.06630590477279097,0.032264354488326985,0.06887529220400279,0.030996841095452643,0.18856635033611435,0.06425524486221401,0.029734742308739293,-0.03786973034378016,-0.08956604959790915,-0.0184901207621182,0.1167673719431852,0.057131095074791416,0.051771415145887456,0.11167060624072978,-0.09250689702292358,0.022720163947700156,0.07801519437064286,0.007846470579330633,0.11290550466758886,0.07125845533002018,0.05596328863090294,0.06797083043221042,0.10433826268874524,0.07923960254916551,0.000758166898959578,0.014306135845315593,0.14786264989279307,0.06244948444460752,0.15799313084617217,0.005054326543770582,0.010818877411963967,-0.04197491875704629,0.060876406241246794,0.04165271320288122,0.014735528116424979,-0.017056455900727574,0.0498162291202473,0.014191248634997988,0.01606345096341566,-0.09148379819153696,0.08503275411978284,0.029801754923878265,0.044156912464666576,0.02902474656509879,0.05950442668021716,0.04288905275887167
2015-06-30,-0.04486241792203327,-0.5427201757856284,-0.04925099711050074,-0.032407294304633405,0.08527501751907307,-0.03479053016439426,0.05742106940840719,-0.045182527303108344,0.09751323182653127,0.0032742426479552833,0.09612849050462402,-0.09317622428751926,-0.13083178606208168,-0.1366566846075833,-0.013040591733669005,-0.014901831833338375,-0.07674867265806029,0.034346958868330724,-0.16212933910139282,-0.05388579557065942,0.07722798782317852,0.017941016859642778,-0.08107876480244025,0.04081527783524086,0.03294149480239317,0.006845254587055649,0.03428994259924378,0.008615186189650625,0.17822917045470832,-0.054440728375294234,-0.09003236644551094,0.015801209992588605,-0.053752679662965375,-0.13423600148248926,0.07773282093361678,-0.012461217896924892,-0.0014302673646955366,-0.012159042228839123,-0.016499897167779665,-0.04807365702730604,-0.008958681135225355,0.07757846525406165,0.06277576127413909,0.008055810028282373,-0.06139134978418914,0.14036483601473715,-0.055365720761226034,-0.09471058443298375,-0.01365240812959656,-0.026704753473050347
2015-07-31,-0.03216720652477412,-0.012993877853802238,0.055537234975252536,0.010439338941985898,0.037865518102530915,0.16872954706090626,0.046694317207422564,0.034281416152414534,0.013149815676172016,0.20588600372259513,0.03321885611214426,0.2313564080783217,-0.022510617287651913,0.08387720323781878,-0.002975680805729075,0.12283195650404721,0.12892917701825657,0.05390314853908351,-0.004498765274191685,0.15217737822153454,0.04225508450392623,-0.024463864355370846,-0.02154425159856377,0.04712659972421229,0.0434874456548755,0.1513186921582781,-0.08322066717542698,-0.09497704040313004,0.11226992307701611,0.07953621951306156,0.08534939728956425,0.04952952813697764,0.06308677725173584,-0.05987487809058478,0.005400064669448312,-0.01818176725190368,0.12031617455701804,0.09417403190320917,0.03442822652491784,-0.03455411436486111,0.003607797781571165,0.004739763366654159,0.07657812909826767,-0.018888419188827776,-0.11918620815409098,0.0017499626989603279,0.027782975079801764,-0.05968437694372397,-0.013642897559844935,0.05534307123007709
2015-08-31,-0.0378767542300491,-0.13769347321423764,0.09369255499901974,-0.10805003506666655,-0.014450279862121107,-0.0387406142366975,-0.008459796223465488,-0.11464691115012715,-0.11586738383627293,-0.019450688465062704,0.07387585419662845,0.04084508376636742,-0.12791415655593652,0.0174678756661113,-0.14927453342936803,-0.18645600566185505,-0.055991783241125415,-0.021991648460626623,0.03452631993242128,-0.035240416923164375,-0.1655846041906045,-0.01761424065023609,-0.12942522440446258,-0.06904215629989363,0.2173829721343925,0.05558007507135532,-0.09372686711882428,-0.15685068586505946,-0.031066251732224215,-0.07257306141031439,-0.02207900543344954,-0.07574325589882136,-0.10642251987325024,-0.23906841995124162,-0.06591422206951547,-0.08101858456060662,-0.1186744779460851,0.01610886871103423,-0.002607339750152704,0.10656086967895084,-0.06284158406110918,-0.10515014710005977,-0.0321581499203305,-0.10070339329536071,-0.12247892214949507,-0.14568053268217107,-0.08405845676572432,0.09308119951743876,0.021228912234738218,0.00342193541005531
2015-09-30,0.00891505032697859,0.07584812769598481,-0.15881279599849996,-0.006756647352046508,0.07566060502041427,-0.00824879017613711,0.021513752457140267,-0.023830647555501572,0.035562098781755536,-0.04436967262811531,-0.008583397556933381,-0.008389725584299512,-0.04607800528202344,-0.2229215709729767,-0.04642974257661503,-0.08961502977049685,-0.164738034895074,-0.03679819135809459,-0.022191243405592975,-0.06758039254724657,-0.10577323776332836,-0.01626769130193728,0.04210407722238951,0.010803857091989721,-0.05676557133332172,-0.03260784887992185,0.04153086275264006,0.020938956437055456,-0.08443731561557988,0.027681795534655995,0.011431224642176163,0.04024539959735729,-0.0011259628704829439,-0.10342016735168724,-0.0536068882539511,-0.02716812295649862,0.09836262259606987,0.061723454902540276,0.011225375296762152,-0.03347641783629818,-0.005524168561492737,-0.07588298135868277,0.12439987772328132,0.03447698812122457,-0.03945029275450307,0.0074774408908391266,-0.041237122561914696,-0.0339842075442629,0.009360082298928596,0.045557786060701266
2015-10-31,0.024391961340383794,0.14285720665824186,-0.009197490163630695,0.005587892256080362,-0.08937994381759462,-0.010378548706806434,0.08677859720959535,-0.040855422495610916,0.10308843113053379,0.13790126305951,0.05602059470467258,-0.1255458399576047,-0.03171094036883837,-0.05311024247541418,0.033150917456383544,-0.03259549685077123,0.055228132111997175,0.02398016743283704,-0.010364529067121597,0.08552798480318535,-0.023504420590466202,-0.006396269120822251,-0.10767316010562755,-0.022644784152672903,0.03488906385823509,0.028241187179795624,-0.15168096801377584,0.02034413350789155,0.03535400516500409,0.05520412675439568,-0.1072858395024393,0.028817305399336357,0.0780534658984684,0.1871465783913402,-0.009101053923551317,0.024597710441936815,-0.03241546551111196,-0.013819714656740922,0.017792200155211768,0.023727731843917077,0.06102496201046814,-0.03785175840604105,-0.05049491491531255,0.07313111023869912,0.07673848653236504,0.09903753927567394,-0.0004217293555426327,0.027771328656247096,-0.03377653670504299,-0.041816460337009254
2015-11-30,-0.025079783421498525,-0.10822519686996357,-0.09535861973727,-0.03889831745668493,0.009369675090183271,0.009450432827703414,-0.030628697604679678,-0.01419867207411829,-0.02791677769995482,-0.02329779222848527,0.0320404142159838,0.12297116659517004,-0.004188863208311688,-0.007505541447651032,-0.04211428659214156,-0.11993973868923702,-0.08485396734310768,0.03518545122026451,-0.019140491351106736,-0.06778189220862374,0.033291502839323694,0.015622430456536884,0.05874804166282788,0.015078208748782629,-0.0030764398895006817,-0.27334745278989414,0.08202759680040117,0.17587924574172997,-0.021394607789582798,0.007987513522954792,-0.0008601593895352089,-0.01987087756523498,0.045614944122124745,-0.0832836601125101,0.014176062411595636,-0.012454696714725877,0.02560576292458694,-0.04187780752882686,0.03436412868785421,-0.005327812397690979,0.006834720568093422,-0.02562462557063494,0.02382548966116449,-0.014307213068037394,-0.0344022871507037,0.02047064227743589,0.04893489805119633,-0.1799224698587033,-0.04875300941345473,-0.005062314467822571
2015-12-31,0.011635896368177745,0.012135959769117743,-0.0264926795562761,0.020864924713043687,0.10671279306501624,0.05372674659455878,0.08175390274110694,-0.04171538985389889,0.021276567079839603,0.03420650969759986,-0.03084138402787051,-0.1292384365931437,-0.12084134451344908,0.04584372867972064,0.018094816934827618,-0.03342850584755097,-0.003933817427818065,-0.010479838977705436,-0.1423047889971698,0.009477186388783032,-0.002268763836484222,0.010086107480766326,-0.06414837532183748,0.016144060002431182,0.003955336681456867,-0.0004501069226948706,-0.045996543852428684,0.03418817012046449,0.06834029918936757,0.0035144124379484776,-0.01819846475799869,0.0040825712679386505,-0.0018709364808215945,0.09993497676173724,0.06249979014136264,-0.04459888247688293,0.036033305383312175,0.016086140051081443,-0.05301172189190195,0.1399229161482769,0.04000867783953299,-0.07213002446130845,0.014698318164404478,0.11726536471137727,0.03245749536193898,0.049115736024271994,-0.09732560839341031,0.12426336107770997,0.02666880775546887,-0.01763320490219744
2016-01-31,-0.0886342539044932,-0.1264986539942069,-0.18646981687492237,-0.037921816245333084,0.004466589221425288,-0.015448969592907424,-0.047605714023241874,-0.0906257797237936,-0.07505920133958321,-0.0635092108167914,-0.10773231509852166,-0.1994892960339929,-0.12744671799972906,-0.06552701417025131,-0.1483550026139241,-0.18001777465765878,-0.06177630043994797,0.000952724214224876,-0.16720329014919177,-0.09949988776511354,-0.029866618664299183,-0.1181066737810671,-0.09607797131970719,-0.09496307571146523,-0.012036269594063453,-0.0010295490877372249,-0.1758928468419182,-0.017328822888412088,-0.07158586303207137,-0.09619554941803554,0.019749445479010808,-0.029848038365412055,-0.04767836880865317,-0.16814175677499754,-0.05314383738281492,-0.11938027434394316,-0.041436749306134724,0.053826602319602124,-0.02318496715573759,0.02407487902803962,-0.050621587984800764,-0.13626546816655416,-0.11382661549777717,-0.025982961782420322,-0.06411597638302635,0.020500800774573724,-0.19848516802342753,0.06437847149636067,-0.016319747508955373,0.014399526576727828
2016-02-29,-0.032674797946275036,-0.19354841907430298,-0.07326269727899626,-0.031921840205972885,-0.006211570226093643,-0.027359525849800725,-0.21325399660933508,-0.07994616906387486,-0.06009957134944954,-0.1341551637127727,-0.08868947357019585,0.05183407124761108,-0.1694915034233968,-0.10107258677857134,0.08830647664846136,-0.34498917997966916,-0.043407164713511026,-0.1263141926334722,-0.18324743242187236,-0.12126119330836305,-0.027972886186294676,-0.043767230014749914,-0.018311758561075808,-0.05385994403640748,-0.1668783573925502,-0.02226752730917214,0.002166844790924216,-0.16589727244266184,-0.029093707354844733,-0.019448104489076967,-0.0606406010514382,-0.07429633309633421,-0.025626979592574983,-0.024822497507497654,0.01652602645397394,-0.1742341205222221,-0.10637392706628901,-0.06940494398076547,-0.07667058172159791,0.06565442802630761,-0.07782318642678676,-0.023283407490965358,-0.20980988335491757,-0.15031084471376233,-0.1420994184959159,-0.06639938424703207,-0.1175653254507264,-0.021822673975743334,-0.08969996653402879,-0.07560422306240022
2016-03-31,0.15746732057978274,0.2693387369680027,0.26498459263839935,0.23729721023154138,-0.08801043093751693,0.026356208362778855,0.13612458324865573,0.1820359307353543,0.11754174843318288,0.0626613675070089,0.10796610441672017,0.11448068371395004,0.16506597456334848,0.1754439396936276,0.11188573084801856,0.2531646481276737,0.2418664390212073,0.18081447005599438,0.19943218395536388,-0.004279014727674335,0.026984698419802777,0.012737762755675064,0.07333374888766775,0.053763435506297697,0.04936252309280165,-0.00034580681556528603,0.004324229328983575,0.16795017722373973,0.16194707087525417,0.15521445207817042,0.0010451921852576707,0.10217624536668457,0.19521495103615916,0.2792726480583847,0.0470856452418269,0.2451988897627635,0.16578321943805796,0.12384099165612095,0.11026561421300629,0.13919828217869745,0.07971131141571175,0.13076195215061226,0.14824653226732587,0.07824245269990326,0.1070432491161577,0.09343390100494586,0.22362220723294746,-0.03970023590167748,0.1578005796977342,0.08457494216643568
2016-04-30,0.04432293704305601,0.17479661609309027,-0.038352901560786634,-0.04966679624000636,-0.012901622536587332,-0.0024756277520051606,0.02020392993760889,0.06360465953056282,0.03574454124387061,0.09599106958224168,-0.020122461247177093,0.07414974562865395,-0.046883022375028616,-0.08590073261487452,0.03648822246240235,0.10144912781723758,-0.053910127443839384,0.08149968686402298,0.0836619743646978,0.04893049278776074,-0.013358273017127664,0.015702321390173246,0.08806870418567803,0.10364140231671914,0.06467453261335443,0.01762644138256597,-0.012917101847650048,0.011082997018429852,-0.04283768266697019,0.06310923543887403,-0.07836918877633081,0.05713495925145695,-0.016397014563691692,0.0955087964261474,-0.0018400729922851689,0.0012674850735558962,0.08397070605806967,-0.008372214517815335,-0.010053500447478991,0.0700955632515563,0.053625193161281226,0.031149999467763534,0.02108278950466924,0.08110217776795037,0.01471267742659621,-0.059797088219075034,-0.027027088183065984,-0.010609533350167122,0.006030931830675046,-0.01754528112659759
2016-05-31,0.05952246415583695,-0.15974615684155236,-0.193324890018703,0.033484233693062304,0.04340225278894061,0.13691188701695012,0.03335719641004542,0.09060134962604938,0.050723632063436774,-0.029167838754669106,0.06167693975024058,-0.09563020532254263,-0.06324335163143613,-0.053501750689131544,-0.0335534316429722,-0.039074908532322095,0.13646995770105663,0.002556214033767379,0.0021850436074941637,-0.11983231667357597,0.011629728042192422,0.024379890884763,0.06371728747474936,0.050398721605217967,0.04599946477642991,0.03056304772451446,0.14176666392421367,0.028028499513883753,0.12410963821826426,0.06611576431040267,-0.005902566600674786,0.04375852204086539,0.06954518139152133,0.09237167600181406,-0.022698537281248155,0.03249637144067785,0.05148516996166341,0.03356516826432099,0.10753004017928003,0.011615063239897028,0.040995607143143875,0.17451760325488497,0.09670211053763644,0.02763806950537373,-0.029919386884599053,-0.02528747067753756,0.08439141971921793,-0.059842310153387146,0.013370194185907236,-0.016055094320259866
2016-06-30,0.056898128444755613,0.1908027671416206,0.0765026414994836,0.11558663631403365,-0.039149743789981706,0.024170537424797578,-0.053643760170644095,0.03551989475532791,0.027345469737988237,0.2751488452425934,0.0899717617175857,0.07808116133321397,0.1684942374225964,0.006420001888693738,0.04382444909538741,0.05975101434138952,0.017365262726388053,0.10991586416029397,0.05838184392785539,0.05998085384462559,0.07412507932662327,0.06634953488625261,-0.00590662674371345,0.06882726408201467,0.009277595685155182,0.06239220426582226,0.10028646496437466,0.03968126263707239,0.0840387383179102,0.07085242901712085,-0.012638386701576132,0.0035583231527096526,0.02560572406281314,0.16722090837445225,0.07105304451357353,0.0034769601614539347,0.0121089694886789,-0.051429855080278086,0.04942320332207051,0.05413397619222793,0.022503560009561996,0.015574748791855386,0.006151361821526757,0.09186177584227795,0.02633416804501909,0.011797219813030724,0.08159981179965659,0.0004587911810371992,0.003964929788227378,0.02291704966212116
2016-07-31,0.044955141784640995,-0.07031687724179658,0.12351951992734644,0.06456058878361848,0.03527176529201137,0.11048549058540225,0.06592579318081304,0.033284377041840285,0.005926382755172321,0.17328567565051456,0.09064175945971975,-0.014615052235788073,0.10271593504345544,0.0016016792197415253,-0.012949667913250806,0.14252163488917025,0.10277872126139376,0.10553569799437734,0.14694435114709736,0.052694776687284284,0.04792310353936702,0.016167591603955866,0.04847752212784373,-0.016361366499447305,0.0800703066227102,-0.12712433096127418,0.1346530060793858,-0.008827646435804803,-0.010234976012016173,0.049050063037076486,0.03080339545876254,0.059288763599279815,0.00783439349548476,0.08709787645558076,0.026709729015377937,0.09291209864875993,0.05761968693646513,-0.08280651097216729,0.027890844560420902,0.14988245423489666,0.0008422981127713669,0.0416637788570855,0.13622471353592758,0.013115763302335548,0.01756832639617345,0.04720630476977017,0.04844604074919023,0.0876032067924275,0.028587200839027105,-0.021377898544781226
2016-08-31,0.019132848148941672,-0.09733424889411835,0.13145433857561284,0.030786179951536763,-0.008774694623791213,0.03926761633571996,-0.000758052193898684,0.09283147053670882,0.10282127689323106,0.08935717372964702,0.00030417562584039715,0.07415955743390379,0.050156653301209,0.11741883833003341,-0.08035614400543623,-0.046607405590138096,-0.032380450984350495,0.01678884628865074,0.11973655589492727,0.08636706760582835,0.01676851733984619,0.016071183672948575,-0.07023777458694591,-0.04281963331479055,0.10346250402562895,0.052634162764971126,0.063418420024979,0.0056319138399432145,-0.045978524148773126,-0.0459189681074611,0.04165075128892015,0.03610977076168398,0.10558381903661407,0.19243761290605765,-0.0059616933452206755,-0.0186384447591168,0.008973438346935758,-0.03538690239828601,0.030104832207526577,0.04650179951854749,0.05684340811379274,-0.0175109419354732,0.06961413260291915,0.005683745779399896,0.08823617369466374,0.044437888071972464,0.1006975320697816,-0.065425491725287,-0.04123207699259879,-0.09797266456596354
2016-09-30,-0.06430584532187922,-0.09752739930502008,-0.02357860255751243,-0.09426160670873018,-0.027075051024584074,0.0024181315736553355,0.08168452950363858,-0.09298814785481813,-0.050663007486326794,0.034458788521645634,0.056048880226395204,0.027308944261478896,-0.04051163079911424,0.07115133768544002,-0.05321875592529768,-0.028998563838494418,-0.05668504513522532,0.016594732151753,0.09909112366375195,0.015892155506741723,-0.03358356653951777,0.023514503697227074,-0.0077207299317063605,-0.06675865973262374,-0.023969783842114567,0.005679726929418205,0.047272718985440276,-0.01664421758630985,0.046119788222579006,0.0421576668955308,0.027422764229298124,-0.014211623863642164,-0.027376629342455328,-0.03499375441563779,-0.053650390730649256,-0.02267434339752339,0.008219535276494438,0.00019312310816044231,-0.07190913182217218,-0.013547488821318399,-0.03705552989275551,-0.05274473448615424,0.08383042038220845,-0.06044691847245165,0.08611910624904828,0.02235852539000338,-0.004950529073256105,-0.041250219242954134,-0.03205523426154744,-0.02583162132739314
2016-10-31,-0.05197359994776629,0.018264835712312077,0.19571554149129722,-0.041112182994449964,0.020252774261088957,-0.0782287580453439,-0.05102603650626658,-0.10058188058741646,0.007249954120122748,0.10218107698616818,0.14023859733739585,-0.06660697219795364,0.02088886557231362,-0.02843634370289161,0.015445660426356644,0.03155163052805898,-0.039775586443121624,0.09214851652200062,0.0175125790122741,-0.0084475976091134,0.007756937045841683,0.0025757409289948185,-0.002790968966360552,0.07503725654900562,-0.008444355935335213,0.08240030966400713,0.1381944768160024,0.15681311541087006,0.014149304220419712,-0.0020780095723560432,-0.038650087056531834,-0.010841524361336674,-0.0181181755428802,-0.019973834504297794,-0.036123682960912507,0.09795751963813282,0.003219389171694731,-0.026882718330969557,0.007250866346270923,-0.04076670815283334,0.05450437868915481,0.03317870942985457,0.07281880486397951,0.028716104576503643,0.11786482377415197,-0.02652948695697599,0.026865671245293266,0.0009425734112118445,-0.010557263481501877,-0.035181120536600496
2016-11-30,-0.11492047046530873,0.017189853699349777,-0.0947881882815399,-0.12676046207968128,-0.10798492428144091,-0.09121550529415157,-0.08589507617955883,-0.03501741121476831,-0.05721373343312275,-0.1162211634802538,-0.01926613250700726,0.05056004367175615,0.04048760452055533,0.02101906260687847,0.018033576312359134,-0.06333214184378888,-0.062386455995384726,-0.037516133356324644,0.014820677430859686,-0.014865797813586878,-0.04987668048688698,-0.03659427593617959,-0.14943126533360873,-0.023300472081316026,-0.08274076764509186,-0.049517671669737306,-0.1360585851318341,-0.019958555981585357,-0.09380649169010746,-0.09841487994934428,0.05326644853777496,-0.047218494650283604,-0.055431804163994736,0.1744070757361731,0.01748027938244978,-0.040816270705992475,-0.09430730260516573,-0.02200492984434188,-0.043603326853352886,0.04228831588211235,-0.07798842762092995,-0.06615110643170152,-0.10383512163836439,0.0715928314359513,0.023584512716336326,-0.061519606500319846,0.0013565752344661952,-0.04519788431257832,-0.051132107809512384,0.006816695015046337
2016-12-31,-0.008454962540303868,0.12490818478189403,-0.03400499563695292,-0.021347395432563254,-0.012883701049032026,-0.08129708589051576,-0.09651743559289205,-0.0423540639578297,-0.01971968824230874,-0.03182300110983427,-0.14802505354270856,-0.06548897740815418,-0.1025104597952019,0.0033758572952102828,-0.058379282413298594,-0.06876678639737888,0.025559059738549772,-0.013122161164286994,-0.17430905682980324,0.003882711708598219,-0.027868077902361454,-0.027939768792009434,-0.051239406910192686,-0.019044277410582122,-0.33245321686712803,-0.04269752443881014,-0.05579111879480558,0.034020067861775694,0.03623502048067273,-0.008675233967590623,0.030044674494817958,0.005502008318648555,-0.03866040201713039,-0.11778097652323705,-0.020912293902076273,-0.03859906797658752,0.019555434412136696,0.0359284038717802,0.039354762787941366,-0.05870444275363551,-0.047322796771885,-0.024335589557116788,0.010169067594260062,0.009807011926679321,-0.006489973291550877,0.09327821665491132,-0.03154629633516892,-0.11242601393367246,0.03932278118448873,0.01977439226597788
2017-01-31,0.0619434817060982,0.13847143895575442,0.09275479628195282,0.1102763823046975,0.042503514593308145,0.08938890752337803,0.018676505777765806,0.03567066399986496,0.07645728644105376,0.12125004881250412,0.09899147809215347,0.07659732979155986,0.09696967931289069,0.028018338616301985,0.13921138286491308,0.13077559684961848,0.051344203501157315,0.07262011577974703,0.07930780588627151,0.011515508514374329,0.030667046148912025,-0.0187373968413036,0.06792522642319376,-0.007729387407341859,-0.10667366342604034,-0.01359306885521705,0.13762176002786886,0.06591543362574503,0.046623919292748006,0.05540415085087114,-0.020290865964842975,0.0666969909233539,0.04228472995371835,0.2250887239507564,0.03515463460994739,0.05346643893737646,0.13011086332480448,-0.0811401238290721,0.06807367105615825,0.21751140959172255,0.07565649277165121,0.07201100331497678,0.10803532794320825,0.04613040494013765,0.05853153875061645,-0.034368134717225995,0.04056759499603957,0.002381180293321572,-0.05469773030311453,-0.034671759704181904
2017-02-28,-0.0014150609967457095,0.13023526468271118,0.028634576013866653,0.0013096800246119589,0.05820889964167675,0.055115050703377966,-0.0067469553094173795,0.0872318093246931,-0.027369492588723787,0.2058937066205475,0.032633970724015526,0.0009082459536760012,0.09477259650962488,0.13314972716853357,0.048678760553977796,0.19147748693388134,-0.02141773910438105,0.010835086812752248,0.07086896546038624,0.014513078386336087,0.041073556962812674,0.014194338592138589,0.03215921126584953,0.0032607908329256308,0.08391678779795164,-0.05593283406780347,0.14858627719534945,0.12383322442806399,0.044036787025554025,0.08747462398143924,0.04340766773448035,0.0804027387248436,-0.010796339180198733,-0.029481406122140008,0.012274868197672095,0.02751431009067562,0.04836069916450669,0.09024354299477033,0.015885205512959688,-0.05652270984748453,0.036104165710479696,0.015868640825825286,0.004792945441714602,-0.03987269385862979,-0.0335058652215825,0.1845101297658156,0.03399261595769665,0.07521759963474173,0.10604099993912497,0.07195040181379686
2017-03-31,0.028823774461048224,0.10203051935373564,0.12543500351871173,0.03717073240111457,-0.10486703855047685,0.04813487408097594,-0.0029532328243480066,-0.031283880244466156,0.017979553354170674,0.0470726898237126,0.04806989588982802,0.046279455286822646,0.08113354628471448,-0.010774219244491068,-0.04135285848245562,0.0024621452868951454,0.05411600361431157,-0.01204830066927609,0.024361320703599088,0.01584725026080336,-0.03357812642092839,0.10580397367795502,0.04753661464690606,0.0016249451483507649,-0.1779007642686854,-0.07635243161469785,0.046937527997390704,-0.027665142020050437,0.013645565698853446,0.05938207931650985,0.041245319000532854,0.03773108279009563,0.043596238413432964,0.058041869904875254,0.052950746834762974,0.0018093357416173461,0.08574600407427724,0.00972925500422317,0.0690314034683368,0.006686065700512778,0.08739571277254177,0.07194391959182744,0.015736529087568396,0.018717319249807574,-0.044174467765748515,0.06691975182400633,0.08989603071034113,0.013475600700361134,-0.013968849168432551,0.05503295657555207
2017-04-30,0.12482265524105274,0.003684893024926472,-0.0350411742248512,0.039087269214943765,0.05844765380002248,0.04373555577760646,-0.10137750462402728,0.03840660265766127,0.020870000482622775,0.11644791945029453,-0.02287474053845362,0.08441738029005097,0.34147223354027445,0.0985029726828135,0.01556932569406655,0.07890697981492423,0.010564259197066272,0.1067934655784537,0.18100757111305166,-0.05987035113189476,-0.05467294586666849,0.0435278190121533,0.19518959760229748,0.03389239092231411,0.007293462599870404,-0.012612006685107757,0.17659942012811713,0.12468475764605169,0.04271878222319381,0.10109622199030999,-0.0693341478041295,0.07205978875033425,0.029997519082551216,0.022045599193019072,0.025445615693594492,0.005960005178187844,0.013893142289471916,-0.10105151567749537,-0.0082055429961988,0.05738597928250755,0.03410888316688632,0.11105464008335941,0.08463702615631541,-0.009036187279460872,0.008378220586026996,0.05624953278448008,-0.012440494416723569,-0.06713653102166184,-0.06523965314796287,-0.04159415272473732
2017-05-31,0.006455418401311697,0.07205140448106029,0.03448272825103804,-0.018910138951022115,-0.01796089815307267,0.027443754484867577,-0.053728539609952386,0.008633413774139509,-0.0063022966304946415,-0.08384603456739614,-0.025585813104858524,-0.0506530159791283,-0.24330831757361226,0.021926242167919163,0.04514773528126126,-0.213431946766087,0.015064349782581532,0.032534011386250894,-0.018598881335715522,-0.07372860207567467,-0.05096671513473461,-0.020468265609108416,-0.04733760933887643,-0.023713952488129575,-0.07359953655828844,-0.028971222202735403,0.035780622563059694,-0.023469495663222983,0.04596486991527171,0.0,0.0690176145054131,0.058001975389618377,0.12862342260708126,0.006771797343251507,0.14123739306013716,0.172172340361622,0.02474137046717151,0.06322440921429973,0.12158264015157694,-0.025879424902801484,0.07106844301897297,0.006229261928601959,0.10515936017438388,-0.026139817201473292,-0.05119252696635135,-0.03906248362302056,0.003993900191655575,-0.21863063565081375,0.12029581461349403,0.08345982342419367
2017-06-30,-0.042149102326586974,0.1352741999612559,0.07094385556955252,0.021968932616557968,0.05239078412648612,-0.035494039021360835,0.19486840628021462,0.006419561604410706,-0.019237945839918558,-0.0174856686168835,0.025481226058097883,-0.08553815516864327,-0.011673103010234054,-0.06599107464132903,0.02193521664094411,-0.020984162227917436,0.003320257664235271,-0.13782708060691362,-0.06340828996323089,0.07601443516965167,-0.06970098577311545,0.09491892700236071,-0.012196284725644713,0.043400665468457555,0.11182674682594418,0.06587185493292735,0.012561751784721409,-0.1269323397201444,0.0688087958805832,0.07536474683118244,-0.015446914076574059,0.016396343546344783,-0.003732022303159388,-0.04857979459055006,0.02089587243418345,-0.01463197418143325,-0.0011818013702019625,-0.02779810487512313,0.05429835277252626,0.061083860775361876,-0.010662174074647979,-0.04151754325489754,0.0009152659765727655,-0.0078027436354562996,-0.1112996824817225,0.029313097631030738,-0.05081510479164886,0.1078547309585185,-0.06198002857615714,-0.03510736871134568
2017-07-31,0.11241614837284586,0.04533319909418765,0.09407745094029751,0.06732929636609253,-0.012200694508211374,0.05326611856482599,0.04966403296936517,0.014607195464826361,0.026590539207243635,0.21250795595082805,0.1633748174740688,0.02721948947645325,0.1882604746408012,0.055932827872794855,0.10615645885617475,0.07243164232340193,0.03647445425799112,0.10529388914448101,0.12319431201127506,0.011684358781667736,0.01985665592075403,-0.028176586384557556,-0.0019195312527200414,0.06488372316975144,0.03962908613841676,-0.10748106231982557,0.029477376522185406,0.04232939413597392,0.07142849878673596,0.11239907882407985,0.04935974284531741,0.0801124321674378,-0.012319808895507656,0.1503010980536239,0.07053539865086944,0.042908753172341774,0.11702176854451674,0.08086168447854236,-0.11864661410096933,0.08775818785538037,0.06962049048967933,0.0741936801647276,0.07377103041442323,0.03302937142416096,0.07692298554130095,0.17973910693333783,0.1419696602535787,-0.04327880317430699,0.0577691639589053,0.11650871758299997
2017-08-31,0.038685768814476384,-0.038796266802343826,-0.007451277747116847,0.07193805007855136,-0.14011099648446823,0.00589682836390959,0.009254314256204266,-0.03741810815478852,0.002118546253300879,0.10236686884192792,0.1998845275279706,-0.16982833208375947,-0.13132532602477076,-0.01819439770680331,0.020885582402295988,-0.10609794580825183,-0.0906314374017646,0.12278487049648734,-0.07701725156090466,0.02106771886445835,-0.04696923186832558,0.030568250739026803,0.15391001273118365,0.016451797934107892,0.03492358512495275,-0.1520225693447037,-0.059869931886761374,0.011280780444980376,-0.10313995710625246,0.11674832068159535,-0.028707984774427597,-0.004455296874533832,0.09282625618767981,0.08354185430857197,0.0553752721801557,-0.015036363260292562,0.006683779661796452,-0.09518389388518322,-0.010517004225795601,0.1498304546896958,-0.04468265988052944,-0.03663513910928573,0.0035190820014909807,0.02771007406452508,-0.0734942474721344,-0.01281561809730103,-0.11119997773219081,-0.09498720874644462,0.0018262054820818996,0.03692127806493084
2017-09-30,-0.07962791933774016,-0.12259509212392306,-0.04122664986068847,-0.04958079199698706,-0.06658000033942735,-0.03153501011849258,-0.04632896941302056,0.017587675608160547,0.104778605827204,-0.0633127673053131,-0.03730022244370501,-0.0018136684336163,-0.04611651157463159,0.04433418129033195,-0.08943184291611339,-0.023080058057642905,-0.06557109728872845,-0.10907402040305403,-0.09345105883409044,0.02482936129711999,0.14090186604651045,-0.04116669214244306,0.024637547855260955,-0.032053291029719655,0.24310738983316615,0.15233301705904445,0.03968628961018372,0.10771860494291818,-0.01092232483105382,-0.046922050160940976,0.010978687740577087,0.016465473368737937,-0.05520496883484072,0.015532079547112332,-0.03758963063600873,-0.07196767969641082,0.015361509718894162,-0.016449024027885395,-0.0848540148803485,-0.023388428242373416,0.026895630182039998,0.00506021741673357,0.03608955438733985,0.005130436213961698,0.09442083284882052,-0.02050813221246961,-0.08604851599757135,0.052960765707519064,-0.024195560497578983,-0.0630221915718272
2017-10-31,0.09209970574977655,0.13757512480502365,0.14226937432787246,0.05648339932680857,0.0333833688887355,0.045773764359399616,0.09882142908039859,0.02749675828636966,0.04750124786121135,-0.027956402052428553,0.06168516392960588,0.23473832650322302,0.3893129568686582,0.18559994609690267,0.27667217555078727,0.16736152076487132,0.022735178835310288,0.14916227256274395,0.31688323573252175,0.07080710310266625,0.05759635103138461,0.0018210445391619867,0.02651024484308362,0.0913113151339513,0.03125901754657545,0.042683904058398836,0.08078127086687004,0.11012993438541385,0.016047476871001054,0.08214637579328943,-0.021719018583661986,0.0015505684065351133,0.019962537218629395,0.11138820139983485,0.05413587834298683,0.08496026402130763,-0.0327249995984098,0.038693922321503704,0.02864895235316478,0.04024967485347397,0.022748754239259483,0.07026847672427228,0.029210833281374526,0.08241251307185293,0.11787078916854021,0.20482767431095916,0.20464831251254423,0.09865883663352415,0.08013032064860526,0.04924154675457726
2017-11-30,-0.0782536145226429,0.10808791276352481,-0.07517138285638914,-0.06749552416213256,0.06523499240511921,-0.028877366572238494,-0.08641524485060492,0.02341601738497623,0.014859831486215835,0.04066574663636846,-0.038835257607853,-0.004708656739642936,0.023809508670113333,-0.004353795848808684,-0.0015084641440444857,-0.06122453585819965,-0.03228841468203181,-0.06970102425787394,-0.08074462400842175,-0.04254296119443124,-0.03717978081908546,-0.026299672144840414,-0.05378522540941377,0.038188309054694836,0.17960347213169414,-0.059345596773856535,-0.09117057784740668,0.0068788812388613785,0.030604525874438737,-0.046614144296253435,-0.006793394476566017,0.024993009883944373,-0.056170325397486676,-0.10078541526665297,0.034974879130120096,0.024824932177595516,0.021387002577717418,0.05884921341844951,-0.036319156388237905,-0.013929150360312725,-0.02414517917927861,-0.004704240931342696,0.047234035822280696,-0.0005518125585617373,-0.03935387180593464,-0.020513250170760777,0.047580158379171955,-0.023422064017916577,0.004954365149214768,-0.007311455905702813
2017-12-31,0.05425980474077363,0.13472022416947427,0.019221197115266486,0.036380869197703,0.08903555636758154,0.010246298348726812,-0.007072231358638326,0.053324561287886096,0.008500941735426704,0.0031261848728125763,0.004800796621095005,-0.04997033433494602,-0.132379207391347,0.055327056013223075,0.06687491969079984,0.005434942795301545,-0.00827195527134661,0.027488361922209936,-0.0333915016386751,0.01264765314943661,-0.04659143952439504,0.06508302608163641,0.054548926933637665,0.01568399413036925,0.055091214863179694,0.05698210878062793,-0.01943064289037022,0.06671655144909017,0.03946946770193138,-0.0035470884969115435,0.05011770590066211,0.010088034097089471,0.041693677612158364,0.13765846483061583,0.07497362051178391,0.020972071397520997,-0.00785210444382356,0.06756479238647284,0.028119499082827515,0.058661810290548955,0.009896960743295269,0.034277097750238905,0.13146121468772298,-0.02290922044874555,0.08054238684656179,-0.0005426900016620717,-0.03262059430927233,0.0577828674590688,0.024345726607134965,0.07656732836783142
2018-01-31,-0.024539352549710514,0.2816350692669485,0.05719198161082106,-0.037677054781357855,-0.034860421295232924,-0.02606829042848058,-0.08488997652165253,0.05257551068153443,0.0010648228971801288,-0.0799269969147045,-0.02054137579629789,-0.023965142545885,-0.07393222635528118,-0.019685572071063695,-0.16415829877157617,0.08324320370017402,-0.037950919027511465,-0.049063279689613104,-0.052857955899877185,-0.026869239014731483,0.13919016536815554,0.019408976232855535,0.007938843157040854,0.016872004945272412,-0.053671336090481137,-0.07822459702232643,-0.07419349536561615,-0.02663426757194165,0.05397957285771193,-0.004889528569844259,0.11006030895432839,0.0711920596881388,-0.024754683701852187,-0.06360814883491639,0.0010964831180404477,0.12404468465639007,0.06319344230718449,0.10383380258590069,0.0309593347911834,0.07468517555056287,0.09775304817545227,0.12577013235887846,-0.02259608410638536,-0.03813554094500127,0.042264034759416536,0.043700252657767225,0.010810132972180808,0.01532019365110604,0.15494224830394177,-0.027224429608193712
2018-02-28,-0.05375307932137696,-0.04526277827516312,-0.04780214563044394,-0.03609597695656486,0.034614416741238774,-0.009350305843306428,-0.02318340757285753,-0.10924864753661967,-0.09485614277930166,0.04973678016385552,-0.030230312645018964,-0.09470666779657588,-0.26081430218815327,0.10145005406881946,-0.025690641223430677,-0.09539855719723267,-0.036749262045487785,-0.0992872971914519,-0.12333384653918056,-0.004221897540270136,0.03204812207847185,-0.07156569331098794,-0.0565633996910303,-0.08591146429697216,-0.01298829554653369,0.005347392690048469,-0.06172226495550737,-0.04408699210561373,0.01716475397397388,-0.006335781477791236,-0.04688074497878114,-0.06057732532907356,-0.010533965158538772,-0.041967496444044516,-0.03768207851397887,-0.11248049229670198,-0.041269592893274365,0.019430588832576978,-0.023397463617199854,0.07673714994880987,-0.01659225348123894,-0.06943165866590195,-0.06927125380707289,-0.025013748919194945,-0.07446503247719949,-0.007021824899741236,-0.14445340954395258,-0.07682364615363291,-0.02483693143302146,-0.039054766480131176
2018-03-31,-0.07119316900221406,-0.23163836045401254,-0.13285159108787292,-0.0768774710483171,-0.11504084785688284,0.002370939432766228,-0.09130150340885046,-0.03451538116397279,-0.0913395370415716,0.023724581000913236,-0.021681173503924178,0.002465651604016461,-0.10886402994924194,-0.1141985898449982,-0.06965351276500709,-0.09510575973203739,-0.035840067339102055,-0.004888907798923037,-0.11812863919655736,-0.0749598310709958,-0.02942209697808207,0.02010935843319328,-0.045278574767978474,0.01030607548602358,0.06267661728986429,-0.07004143577095512,-0.05358100260591048,-0.04247745391048663,0.02167305275385445,-0.08831458091229172,0.030096929230583713,0.001008300902257453,-0.014985952367654654,-0.12571305574401126,0.011838574945371105,-0.11141253442485377,0.06901676072239482,-0.034794314376179636,-0.03603097430560742,-0.07703388069898887,-0.03920050982927725,-0.005500389514802251,0.0011466250665548294,0.0395101014500745,-0.04406341924866175,-0.0752709262201604,-0.0675373790514412,-0.0751844561095183,-0.06125086220052178,-0.03978828961166325
2018-04-30,0.052835812233045454,0.05478098570842249,0.1502398597362582,0.08515497990174192,0.024749837213887016,0.07256324847054763,0.1508471765372965,0.013320294785773124,0.07574596509469789,0.06014639576025704,0.015443551166687275,0.04673215526272956,0.0048285426069198945,0.10726755854326164,0.02721357582658257,0.07928718838013493,0.07699466120679133,-0.09381214571164409,0.007768213935763546,0.11357590334343315,0.00600102307176531,0.06273069918220409,0.04722505616678219,0.1248478024573354,0.0984223833350546,0.014082962983379188,0.1020180663555581,-0.010500603302932787,0.02139638962457968,0.040727078595612864,0.0868778736210476,0.03085739496823403,0.05347475829718529,0.098345255358389,0.13166083953699093,0.021016556814854814,0.05635169030337717,0.05981601576892648,0.10156566741767348,0.1278847549512323,0.15585038592488898,0.06865530114176566,-0.0052080236392360035,0.014437040192653017,0.015467338641187212,0.0913106507060315,-0.014005533842857631,0.0672593933692236,0.23970298030751436,-0.00853645369715661
2018-05-31,-0.13734860239428237,-0.1363311744705097,-0.03719626753482441,-0.18053066640545068,-0.12891826258214178,0.08567021703091315,-0.13348903177136007,0.0552871603406655,-0.06851586702606316,0.10207754061978913,0.02376528640354847,-0.0812352376990455,-0.052378596080353335,-0.16006174916982518,-0.08777940173136312,-0.04726656423998343,-0.053456091827895125,0.04285543219145094,-0.03308893134793023,-0.13598948794876164,0.03947368421052633,0.13143938984249126,0.05763506799893103,0.037628767611592506,-0.12530280526495974,-0.08211492982899748,-0.13733464079168534,0.0793600828302512,0.026429435332929962,-0.04928235809504655,-0.13338097230487111,0.1073985720329671,-0.0501976772822762,-0.006153082534086085,0.06796325616400334,0.005629964409851418,0.0302686937651655,0.026927972461064487,-0.01566540290224694,0.021230717478755823,0.10197365546423387,-0.02177175429575795,-0.031508850395835175,-0.026720782319763714,-0.014677810309549177,-0.04354820190135522,0.0939529035154345,-0.09093508851934029,-0.005952533753174172,-0.060448238563963086
2018-06-30,-0.010851724979074717,-0.06487591366179835,-0.048450783343753856,0.0099805787630729,0.10217271690952967,-0.02623316588752289,0.09131716915583632,-0.06429761317405358,0.021815773193252008,-0.036600672526993616,0.04059633429903475,-0.17683589708792435,-0.11257608910264882,-0.05839885912398779,0.022350202447314782,-0.14225947559530205,-0.04163349693115537,-0.07587570001098054,-0.021777183875490658,0.17501935093087306,-0.10767909848863211,-0.05941896334304719,-0.05405898763665784,0.02126269520812718,-0.008449039932813762,0.15411034588420613,-0.03478764609128926,-0.030350411088411966,0.075977820736425,-0.0316887213821162,0.017465699313281124,-0.014489673070524622,-0.020141506871859782,-0.015798531940728333,0.026114787999244937,-0.03638917227028127,-0.008084002792338785,0.08722321420422863,-0.020062605025787383,-0.01536621700750973,0.006256354217499371,-0.06954174168222205,0.03378123678808409,-0.047150049984741926,-0.10961207036998233,0.06251752746582007,-0.03784079754601222,0.17414387710276813,0.06128476251381909,-0.0015274569767416146
2018-07-31,0.14168958629130102,0.7326486232064648,0.07668526207916626,0.11207506801870548,-0.09122140197923745,0.14785082037764208,-0.025613267088630542,0.07752554689192248,-0.01948243176984399,0.19897006538146833,0.02143787129295216,0.36129596260003227,0.07885708152726911,0.0497879756461892,0.02264693273413343,0.0320559708037893,0.06914660879461376,0.044066540474053006,0.13098790885778056,0.04005473548642757,-0.012294510192798924,-0.033421958386472106,0.02614003188107339,0.0946758585399281,0.10673036412000747,-0.03970653701702176,0.08735472636970076,0.10257162182687263,0.07440634513368272,0.018225194763547004,0.04194336431528067,0.03369745123223966,-0.04084108120512431,-0.0741865599976329,0.05514444916693639,0.10475666612406997,0.03666075577497119,0.04429327524830473,0.11833211739069838,0.021545815177715033,-0.02638443922858591,0.021331730799839743,0.07874274434016537,-0.030065888839252763,0.04608581478181262,0.21959985911038982,0.13167514655017687,0.007978798917698926,0.0521497097630339,0.05697890818858564
2018-08-31,0.0712534639890452,0.15246868528974922,-0.04152585663244002,0.0461638444543071,0.24246240166159838,-0.05439566994027223,0.20488541123927617,0.1795965690721686,0.016592155068075654,-0.032892125082969015,0.07328553570904028,-0.002608470683045594,0.0640889082010172,0.05993911940845753,-0.010849682001114025,0.08845343132682948,0.17465435641806693,-0.05269314773782763,-0.002812006934509892,0.03744326544812937,0.09517441799248205,0.020737990466290324,-0.026071969156111763,0.1356894951855514,0.14490973933608564,0.1711627494380883,-0.07824166446601577,-0.003960247585757748,0.1043643381793724,0.047306076774094485,0.08651224383622114,-0.05427827187503431,-0.012338944103565841,0.11504214270952162,0.02797923205435593,0.13107905354124227,-0.04438258037905496,0.05567347917723264,0.07440362725390615,0.1996065839208352,-0.014997867871373138,0.06506753428591416,-0.036058863335549196,0.10752357492168563,0.08660242034635712,0.04692263715101763,0.054855337547600413,0.14837266598637688,0.0712298584198654,0.08990613923905588
2018-09-30,-0.052723193162114934,-0.09635114868909012,-0.14158956720771443,-0.07375175570752768,-0.11476047807240419,-0.05767065683764716,0.04447577793027069,-0.05544860264829432,-0.02091183670480179,-0.1099025995384264,-0.007602973384944867,-0.34946053963479307,-0.2344448844400846,-0.11479276081688539,-0.11801499514173186,-0.13882612627679614,-0.09350704945841593,0.033278330968607106,-0.22153693043466827,-0.012232960511054602,-0.06889313508015849,-0.07489296638537846,-0.03303186537722225,-0.10830277623320161,0.0038287257448545997,0.015509628347442073,-0.12823676738393508,0.01826976114359713,-0.20602219168058744,-0.04309126592412538,0.03951471805281925,-0.026756213244374383,-0.09851576212274948,-0.029854607288535284,-0.09645531068219315,-0.10814339561255149,-0.11357912243175816,0.013184736956590282,-0.0690947533609696,-0.03708853362274078,-0.11314818392143966,-0.07115478303344958,-0.19221344107240346,-0.013069318723548329,-0.008129077314384503,0.013127590080840967,-0.14244186077565968,-0.04246091982727629,0.05066365768123715,0.0755186105539929
2018-10-31,-0.1143748091586978,0.30168434179997594,-0.030556254699885654,-0.11809434019875842,0.09479511275150787,-0.0463518053213956,0.0632681186610069,-0.05030560978911969,-0.03488439196662285,-0.10015495793525608,-0.09181987956822879,0.11206030355033492,0.11833542418286158,-0.026950544391655673,-0.13646408444993863,0.0036494974683192183,-0.009411130874551255,-0.2647336173766527,0.1860992934703798,-0.037917479345613625,-0.0003757874262472205,0.03333475354153581,0.010040529224853545,-0.09873510991976253,0.13242806566303567,0.004662685253884691,0.17043850251230763,-0.012533017932474078,-0.056982889002321846,-0.1839941555696588,-0.027628373584304033,-0.04700792460135339,-0.05826281963909974,-0.040278705723074126,0.014023524340855298,0.16183914614029726,-0.15677052615369713,-0.04955201847355717,-0.059277910822279956,-0.110703570717954,-0.019665345209149643,0.019967126763812626,-0.09955841725349068,-0.043152525251109686,-0.1351580057182038,-0.15636559201496725,0.05988691936489676,-0.06899296956295453,-0.1105771371737373,0.02222223746367047
2018-11-30,0.0805207903447831,-0.029411778070717154,0.1467774666531818,0.10296723219263004,0.10845262751476481,0.09391248630339355,0.025807845917671823,0.07443328015779849,0.058603512061867535,0.10910981127445729,0.06809031574920832,-0.0506100764067442,-0.013372167366352716,-0.031850232393568434,0.08129418788080689,-0.008727248212619942,-0.03915879210066198,0.17920768612723226,-0.023477707579273144,-0.1404846543719327,-0.07984221104533673,0.0993463631395759,0.06501011558327918,0.0668990733772199,-0.030414331309692955,0.07069952089657572,0.030815771797224167,-0.08336667782686447,0.04119010247484689,0.03922985238865517,-0.038461544041007434,0.11335175601244529,0.1060147336345354,0.026315963331499104,0.08158094663629134,0.00042268367962527975,0.14504251676340973,-0.027607712016008867,0.020349771811986272,-0.07410137156229568,0.10257783805164711,0.1040461259594958,0.15797113630883386,-0.1212026151329052,-0.08450233316198619,0.10016517180855677,0.011549440422289337,-0.15105571841198318,0.015530272817693591,-0.01977660148919802
2018-12-31,0.015213545419607843,-0.024242435592102263,0.06030362552689339,0.03518057233484817,-0.005138818634189524,0.020134732314786685,-0.09590464855341807,-0.009348636534586952,-0.009305550471317092,0.08050924149810368,-0.0169288342728815,0.13089012312747883,0.2268709685041712,-0.09780968162997428,-0.0031897371206323077,0.0726337782420472,0.03362379896144252,0.1182183869021407,0.07525399311131697,-0.039475130355302035,0.01239025644482794,0.10158631067638635,0.01889016902222762,0.052676653829489606,0.030083172600860797,-0.03882883010776561,0.09320041052479389,0.05028424276169274,0.08036265938171061,-0.04692639191069803,-0.04990130160581774,-0.0031714486818288368,0.016054602800256834,0.0,0.03742878252376847,0.014078396960100825,-0.019916645958853785,-0.012735122312446334,-0.014520593914924773,-0.023866226820970615,0.01827457698210133,0.0035254647776932213,-0.02559514994150558,0.062366198136987405,0.068424827379306,-0.0396558082417976,0.03952219220763897,-0.12606578717467531,-0.03820645782827703,0.01909753155080196
2019-01-31,-0.05619650738622062,-0.14813661148227297,-0.1265154504209277,-0.06752568196971487,0.0535241343336843,0.02880417885162556,0.07483439164606054,0.16583312437442266,-0.06087884404360189,-0.05944933092419791,-0.034898107353875996,-0.05345121586096924,-0.012487866730721553,-0.030863079516962433,-0.019519992807914277,-0.114911096767909,-0.03872805251656364,-0.04769121588713421,-0.0905289983617148,-0.004234800077084322,-0.06687437023035392,-0.047225407285530374,-0.046822627726791466,0.03018690839549909,0.015883677951375796,0.03986228792224056,-0.07882031869552275,-0.07812914858573572,-0.125023168671752,-0.1266956454048812,0.042360204172614546,-0.019677601049445936,-0.15794470303804675,-0.07824942224397813,-0.030995081880466624,0.011939566549154623,-0.058619477543086496,0.1437444460076256,-0.010651452365587954,-0.10480846667413113,-0.0005968822783918304,-0.08573617124230815,-0.11042138008852331,-0.06273067149010614,-0.057705012711462,0.09444819571134722,-0.007603915049414267,-0.01637608176205385,0.06622500686522859,0.11906454819994505
2019-02-28,-0.0007376047899020355,-0.06051750519056365,-0.03779702644171923,0.01742999198143691,-0.139365423650057,-0.005238671221327262,-0.09464232728231825,-0.018195770043249238,0.13546425801052364,0.06082657519349777,0.1116943209340997,-0.10182301976589259,-0.19163433553099485,0.04036525899921117,0.038022096139700645,0.008999893538585102,0.009261933360035002,0.00969222084845911,-0.07475519854516699,0.07200862414068432,0.016247046685363253,-0.018475294413445198,-0.09849343386680709,-0.012622484163199887,0.09829371115251129,-0.03276589750587655,-0.023865088584031913,0.04963134516842116,-0.04866955753830948,0.0777391064349855,0.05045885850211862,-0.0011538049130531691,0.02458789448280818,-0.06115103055084237,-0.017354223444867145,-0.03923724891169644,-0.02105546575961037,-0.020345749184215944,-0.009330699863075553,0.023670894983569113,-0.033963742528563934,-0.016244509814238417,0.02839134247622921,0.038013670539143174,0.09109341730282661,0.00317795757086059,-0.08377329189923233,0.05124554133115611,-0.015217793873751329,-0.0008126735784333983
2019-03-31,0.14830327720248704,0.06946030686300864,0.17017004707350236,0.09337423384997323,0.03685672376038385,0.06532897905558044,0.08033146007445202,0.10027494754842103,0.016617150147644644,0.0758382474629411,0.13541642421263478,0.288118792730397,0.2737666103670353,-0.03558200371158404,0.037415615597953256,0.11016281493251423,-0.059924872068854995,0.14309025732572977,0.2808383129115253,-0.052204608805706876,0.06033888665530851,-0.0036213523962174143,0.08133234731765215,-0.06186516784861429,0.00018139201408873262,0.03250801299992845,0.11687558634934825,0.04766084685468819,0.030690399848951166,0.06833540430724794,0.027516695841471872,0.10842098210540607,-0.038944225946950906,0.03371643983077077,-0.028136015792644464,0.1439383865928925,0.235607568913887,0.0047665966916830005,0.08675962574014973,0.025435493887759675,0.10522630901633057,0.07250870206560966,-0.03418159894990691,0.15327452391703655,0.05542499648332333,0.10474808901400046,0.18565336112476638,0.06806686869438261,0.00849534300514243,-0.0792447353707304
2019-04-30,0.008808254770550805,-0.07801154089620665,0.030160094294395146,-0.04895415707293416,0.028361252158988437,-0.022611754695931463,0.064738478183892,-0.01774059985041665,0.011970993777474348,0.08168224015944481,-0.14126314791466643,-0.10338201691163906,-0.16627301082718238,-0.045284653047453105,0.05725985528468858,-0.010482142716864207,0.007424621841398249,-0.015550337796476965,-0.12143701073508184,0.07496200932851416,0.06797958369403179,-0.029514360048156774,-0.0352111398949313,-0.03126915837078803,0.055785506835620335,0.0796961219141974,-0.009610218199259002,-0.006558737573536422,-0.06012984880977801,0.08558691469284829,0.0927601525762125,0.006361697117793108,-0.005503330485439051,0.018285141775382874,0.043826691003321816,0.01735105139425852,-0.11784093230812853,0.018365451576661584,0.004500160880306137,0.06973129876529827,0.03415986038027241,-0.027511303794057862,0.010634814452746832,-0.012523097731990007,0.08531090229839289,0.02411764866171673,-0.028369805380922597,-0.03743828838377539,0.1300052583628475,0.1719330952028042
2019-05-31,0.033056549950568836,0.2180242938640784,0.060081397139441384,0.04580509242268693,0.01833152940713778,-0.03817122244348736,-0.17904891005991397,0.054052280557403076,-0.019503487088243565,0.08875797742576474,0.13298784152487508,0.14230606297898585,0.07252123754330486,-0.010375746253585505,0.08897908550242262,-0.008474635021111676,-0.0164326266566045,0.07766227615699517,0.02822038314312314,-0.010884994235149992,0.00535402766452675,-0.046186339063443715,0.07471602957811752,-0.0054004923638723,-0.08847354154471354,-0.08705594043146425,0.15741236131795455,0.014187307304187824,0.05891861405882293,-0.0167554594099405,-0.0749980513335885,0.04656006473240404,0.06704223581091262,-0.04392141361986346,0.017523093140498158,0.03975467541802047,-0.0007158523970890451,-0.01810084207053886,-0.057256635825165825,-0.1188584757463842,0.09779690062584767,0.15498125166671728,0.03051870055477246,-0.00596785458564153,0.01625294359341467,-0.044981416156295806,0.1372800009560884,-0.10444644045515072,-0.02822537917244583,-0.040696674988621506
2019-06-30,-0.07345789936767444,-0.027463416538351382,-0.014889512461147336,-0.07697318102120332,0.09719060130998325,-0.02971773730506877,-0.09570195719934316,0.0003092980036156767,-0.03378453038674034,0.04112135136448769,0.029130063400689687,-0.08742966536274588,-0.0475435303166839,-0.03733818604565331,-0.006163955072551963,0.0420228602952637,-0.07810250742856262,-0.04128498462717789,0.061986558288136484,-0.009662689753651477,0.001183544836976802,-0.01464669230764959,0.07546496230369848,0.01149131432803041,0.002920319681384065,-0.04775318095877934,0.009781006346847532,-0.13587263854088139,-0.0362617120462565,0.03159914008184317,-0.025536652497052392,0.01384898127425771,-0.0368436405560153,0.0510153507564266,0.0067203649410754185,0.031626112415403584,-0.12137538003965898,0.006222322411097991,-0.016872905188250575,0.018034607941094905,-0.029596194228272754,-0.002793021980873611,-0.048792956210294,0.06078789725987099,-0.024425450633847712,-0.05792588107365604,0.024822762909503027,-0.02171534053405466,0.022158940963578733,-0.020600413261698813
2019-07-31,-0.0011201691049069762,-0.14166170495397934,-0.07911106652340372,-0.051444764760017914,-0.0055915042208757315,0.1199794731278343,-0.06052146937888159,-0.16524991922714283,-0.08992351009366517,-0.16710162814643204,-0.046301560306001965,-0.12253288362029713,-0.19911262878811364,-0.059902176969304666,-0.026107105459709512,-0.1948051371803602,-0.1162795779985265,-0.11963303791108082,-0.16877645837435662,-0.05298794354391534,-0.1944444717280881,0.055023488494737594,-0.10218428968930204,0.06479402825237734,0.02304388897277465,0.01720843443136988,-0.13632205732318958,-0.17390604460603254,-0.09704425800228245,-0.13756701011349848,-0.028272157758608807,-0.07860855787920185,-0.07569414924043083,-0.07969092548010048,-0.03409596836194828,-0.026224240386228947,0.0016661472906998043,0.08422130173003017,-0.013328316185588496,-0.12813431902473038,0.02929311768716447,-0.09525785135316578,-0.16296968058250805,-0.10470457698191149,-0.17228022895280526,-0.06930789696496387,-0.08041517945998577,0.06434713628508892,-0.007340241007374515,-0.05418907498099268
2019-08-31,-0.025987018194897127,0.066382229119611,-0.031386473244898294,0.0022288694358063577,0.11582580752804827,0.06252037372685337,0.051553556663732625,-0.015131111600267366,0.10800701056975881,0.003057386950412022,-0.04365531174484394,-0.1321461830698527,-0.09210522203217786,-0.08586048382915756,0.027251127019803256,-0.14176573550404648,0.010477174663352518,0.05282965303821996,-0.06683581175523012,-0.09336011863912985,-0.09635607093569987,0.0712757011100722,0.007858646505620293,0.0560636414828275,0.005442206426312879,-0.0066418250689379565,-0.10281397247617341,0.014752350549387616,0.0202497045313057,-0.08954341829759316,0.06558939979782075,-0.008323833754618981,0.09165580741378854,-0.025376937422073143,0.08991409571966535,-0.03520957936098157,-0.006881235017452636,0.026775060814924423,-0.09085882023418135,-0.0842282627844908,-0.057977681360624644,-0.04256446618529641,0.13519312813956863,-0.018924119257880956,-0.12168056897527679,0.0769941069435629,-0.1756472528237275,0.062276235673290437,0.024436701931274785,-0.04108549484720336
2019-09-30,0.058097941733745495,0.06188549604108773,0.13193870670373053,0.007907085522808943,-0.07097107041170247,0.0903044919163456,-0.019477086524261167,0.031781801349709315,0.05505164982844413,0.1957216320999755,0.10491832149567748,0.004859534201081539,-0.03966437177223581,0.1613113349700297,0.0583911375225572,-0.01964440307249371,-0.02853880269460818,0.32329339500195853,-0.1731640925352247,-0.09937567264678837,0.08173188861108072,0.17998486347506826,0.18975014120027867,-0.00345353154872885,0.02467073255294161,0.056598327710351004,0.0904705434140356,0.036209432495752925,0.12866391440189817,0.026935809881985406,-0.01794882049283686,0.10186502790958984,0.05159318530783774,0.0374085720262709,0.0531643487142337,0.058708582336058024,-0.008740839959264002,-0.011351096962313845,0.05780589000594594,0.05748445423108528,0.14880013341722576,0.10991884577971689,0.09668094514997438,-0.03411432890654087,0.08745864957288574,0.06703770143339138,-0.011137543572548925,-0.13532401768787572,-0.07094177174808591,-0.057389881433790646
2019-10-31,-0.02493559429714942,0.3688722060216749,-0.04384586938313417,-0.008090151782320198,0.06399114893235591,0.028827006581674253,-0.2022921004925532,0.0749633937658678,0.10386486723676058,-0.04447900343564781,0.021275956902696347,0.04459966258382808,0.13185058347582457,0.01680291338746831,0.019615877441492957,0.1683883403083133,0.08828746745624683,0.12018713835779593,0.11595393753244299,0.09717990612101923,0.038528786718258434,0.030087434260714252,-0.027118568274142496,0.032867549961838494,0.053767723289237956,0.029956432317614246,-0.07300884018134535,0.021189583623373753,0.07718610576399221,0.05293785313180366,0.07790265972118737,0.0023626362030582104,-0.00020348909460743414,-0.018029857856550646,0.10328541678028502,0.06767352716241803,-0.05084743904477984,-0.13829846023667058,-0.008466517627659154,-0.008480069435323645,-0.04253700838157504,-0.0008138999481691611,0.12561423667409044,0.04170226223700291,0.0751140971658828,0.09915555488647443,0.15361910385258248,0.11285134625041815,0.10545491135254537,0.08131765833043869
2019-11-30,-0.029271870764061125,0.07638361009393035,-0.03473979445357944,0.011616419988985216,-0.029364148960771552,-0.057167287239418885,-0.03976188627600463,0.0036667461837223136,-0.02197173659752183,0.11997280650898112,-0.02870806048689134,0.07921820628407783,0.06526324329450484,0.026631899253614755,0.18223108358866913,-0.057471359444711156,0.05470324495011081,-0.028579522709220262,0.11594205539163305,-0.0003214217773779282,-0.011081680812227268,-0.04099931418791325,-0.01589225771921987,-0.0032468459522202453,0.01774866332411018,0.04694246287929538,0.06085923639454105,-0.08227168319656442,-0.018040726155575948,0.023804981476444054,-0.030187052069502784,0.03624973013978061,-0.10008507870489669,0.06519435500152104,-0.06438042944339528,0.1070078591641277,0.19486748598585324,0.015679695384507975,-0.04366366975920977,0.14714900604810421,0.025849395964115063,-0.09673804244668627,-0.04147806627767581,-0.04942821363006644,-0.07021895093729036,0.05927556088291519,0.09427008039197116,0.03795571811549037,-0.09534512035823495,-0.08330117945963555
2019-12-31,-0.050258010265270436,-0.030479242460669576,-0.04201017189522871,-0.0410456738389503,0.0005551957861604784,0.04618591151742035,0.01544781658815042,0.020363988231456798,0.0028337136142528863,0.03107479742014041,-0.04425760475341134,-0.028598731638010855,-0.07246375568622343,0.04037473757877419,0.030172836459628538,-0.18480297921922784,-0.047576050727870745,-0.039096858467063456,-0.02553374869130165,0.024641227148958444,0.029719973253029552,-0.007665065439718122,-0.012261849660081037,-0.0015248154166169758,0.03336703339258529,-0.013487349117793923,-0.010686311223629952,-0.03966689371713772,-0.05579310717340202,-0.05514272922771313,0.007581985747516784,-0.0022352911564530453,0.003903924567138173,0.07993993799426069,-0.055176069783169135,0.05130714347708598,-0.03766490980385839,0.04997501881494326,-0.035308464680990914,0.032498472846564264,0.042812034718562764,-0.024313155131619024,0.016940688754154998,0.023205736977136127,-0.02239082546901283,-0.023917651526059625,-0.02369458608487285,-0.0384572381860423,0.05281877495081222,0.03407661237038018
